Index,Name,Nationality,Positions,Acceleration,Aggression,Agility,Balance,Ball control,Composure,Crossing,Curve,Dribbling,Finishing,Free kick accuracy,GK diving,GK handling,GK kicking,GK positioning,GK reflexes,Heading accuracy,Interceptions,Jumping,Long passing,Long shots,Marking,Penalties,Positioning,Reactions,Short passing,Shot power,Sliding tackle,Sprint speed,Stamina,Standing tackle,Strength,Vision,Volleys,CAM,CB,CDM,CF,CM,LAM,LB,LCB,LCM,LDM,LF,LM,LS,LW,LWB,RAM,RB,RCB,RCM,RDM,RF,RM,RS,RW,RWB,ST
235,H. Son,Korea Republic,ST,87,60,79,77,82,78,75,81,85,83,70,11,13,13,6,10,65,29,65,64,86,17,71,83,81,78,83,23,86,80,19,62,78,73,81,43,54,82,73,81,54,43,73,54,82,81,80,82,59,81,54,43,73,54,82,81,80,82,59,80
1426,Koo Ja Cheol,Korea Republic,RM,74,55,77,78,78,72,72,76,80,74,75,11,14,10,15,9,66,57,77,71,78,51,74,74,73,75,80,47,73,74,60,64,72,80,75,61,65,76,73,75,65,61,73,65,76,75,74,75,67,75,65,61,73,65,76,75,74,75,67,74
2180,Yoon Bo Sang,Korea Republic,GK,32,32,48,50,14,23,15,15,11,15,12,74,71,72,73,76,13,27,64,30,19,18,14,18,68,18,25,13,25,42,11,56,55,14,0,0,0,0,0,0,0,0,0,0,0,0,0,0,0,0,0,0,0,0,0,0,0,0,0,0
2184,Hong Chul,Korea Republic,LM,89,63,73,80,68,60,75,76,70,24,73,11,11,13,7,15,58,64,86,66,67,66,70,73,75,67,73,69,92,90,72,71,64,24,67,68,69,67,68,67,73,68,68,69,67,71,62,68,74,67,73,68,68,69,67,71,62,68,74,62
2191,Kim Jin Su,Korea Republic,LB,76,64,78,76,69,63,70,66,67,26,68,14,6,12,9,7,56,72,71,62,27,73,55,69,75,71,26,73,77,77,74,64,56,23,63,70,70,60,65,63,73,70,65,70,60,67,54,64,73,63,73,70,65,70,60,67,54,64,73,54
2203,Suk Hyun Jun,Korea Republic,ST,62,78,60,46,76,68,58,68,75,72,67,7,10,12,7,8,73,29,67,47,73,25,61,74,68,59,85,22,65,77,37,82,58,68,67,49,51,70,62,67,49,49,62,51,70,67,73,68,52,67,49,49,62,51,70,67,73,68,52,73
2426,Kim Shin Wook,Korea Republic,ST,61,73,54,64,75,67,52,53,60,75,50,7,10,7,10,8,80,26,69,62,72,54,73,75,75,67,79,42,42,77,40,90,68,72,68,57,58,69,66,68,54,57,66,58,69,66,73,66,55,68,54,57,66,58,69,66,73,66,55,73
2536,Yeom Ki Hun,Korea Republic,LM,67,57,72,69,73,73,78,75,72,68,78,7,6,7,12,11,68,63,67,75,72,24,72,77,76,78,77,22,71,73,23,77,77,69,74,50,59,74,72,74,56,50,72,59,74,74,73,73,60,74,56,50,72,59,74,74,73,73,60,73
2555,Lee Jae Sung,Korea Republic,CM,69,73,76,62,73,75,65,65,71,64,58,14,7,15,6,8,66,63,57,74,67,60,44,71,72,76,65,43,67,85,50,63,79,64,73,61,67,71,73,73,64,61,73,67,71,72,68,71,66,73,64,61,73,67,71,72,68,71,66,68
2658,Kim Bo Kyung,Korea Republic,CM,79,63,74,77,73,65,69,73,68,59,64,12,15,10,13,13,58,62,73,70,62,59,72,75,76,74,64,55,79,80,60,59,77,64,72,62,67,71,72,72,67,62,72,67,71,73,68,72,69,72,67,62,72,67,71,73,68,72,69,68
2755,Koo Ja Ryong,Korea Republic,CB,69,76,67,64,55,67,25,27,36,24,30,15,16,12,10,7,69,78,82,49,36,73,32,22,66,57,36,67,74,78,72,84,49,25,48,72,66,46,53,48,66,72,53,66,46,48,46,46,62,48,66,72,53,66,46,48,46,46,62,46
2809,Lee Jae Sung,Korea Republic,CB,52,70,67,60,55,55,32,43,35,36,38,14,16,13,15,15,72,69,77,57,46,75,45,43,68,58,66,73,58,74,74,88,50,11,51,72,66,50,56,51,64,72,56,66,50,50,53,48,61,51,64,72,56,66,50,50,53,48,61,53
2833,Park Joo Ho,Korea Republic,CDM,75,59,77,77,73,74,71,71,72,31,59,8,11,13,13,13,51,74,73,72,52,75,62,53,74,73,67,75,66,67,76,65,67,42,66,70,72,63,69,66,72,70,69,72,63,68,58,65,73,66,72,70,69,72,63,68,58,65,73,58
3073,Kim Seung Gyu,Korea Republic,GK,36,27,38,56,20,64,14,16,12,12,12,72,70,69,76,72,11,25,68,24,19,12,12,16,68,30,11,12,36,16,18,61,35,14,0,0,0,0,0,0,0,0,0,0,0,0,0,0,0,0,0,0,0,0,0,0,0,0,0,0
3171,Kim Seung Joon,Korea Republic,RW,81,27,77,77,74,60,68,48,73,65,27,9,14,10,6,9,57,38,55,53,64,16,58,75,67,68,69,17,81,81,14,61,71,60,71,38,48,71,64,71,50,38,64,48,71,72,69,72,54,71,50,38,64,48,71,72,69,72,54,69
3374,Lee Chang Min,Korea Republic,CM,67,69,67,73,66,66,52,39,63,57,48,15,13,16,6,14,59,59,71,74,76,51,47,73,69,77,75,46,62,84,53,57,76,48,70,58,65,68,71,70,60,58,71,65,68,67,65,66,62,70,60,58,71,65,68,67,65,66,62,65
3498,Yun Young Sun,Korea Republic,CB,67,88,81,58,49,59,48,45,33,22,23,7,6,10,16,13,66,72,55,58,55,69,33,31,69,63,23,65,83,84,71,85,63,56,52,71,68,48,58,52,67,71,58,68,48,53,47,50,65,52,67,71,58,68,48,53,47,50,65,47
3866,Kim Jong Woo,Korea Republic,CM,54,57,72,73,72,65,61,55,70,61,57,12,8,14,12,15,54,59,68,71,65,55,52,71,72,75,64,53,76,75,57,32,74,52,71,57,64,69,71,71,63,57,71,64,69,69,64,69,65,71,63,57,71,64,69,69,64,69,65,64
3871,An Hyeon Beom,Korea Republic,RWB,85,54,82,70,71,67,65,45,71,64,31,9,8,13,16,12,48,62,47,55,49,62,45,72,70,69,58,61,84,80,62,65,62,41,68,61,64,69,66,68,67,61,66,64,69,71,66,70,69,68,67,61,66,64,69,71,66,70,69,66
3882,Shin Hwa Yong,Korea Republic,GK,54,26,61,47,22,60,11,16,11,12,13,72,65,71,73,75,14,21,59,12,16,13,13,12,70,24,18,14,42,18,12,60,52,14,0,0,0,0,0,0,0,0,0,0,0,0,0,0,0,0,0,0,0,0,0,0,0,0,0,0
3904,Kwoun Sun Tae,Korea Republic,GK,39,24,67,51,24,57,10,14,14,16,12,73,72,65,71,70,18,24,68,34,13,13,22,17,73,35,21,20,47,20,14,69,65,11,0,0,0,0,0,0,0,0,0,0,0,0,0,0,0,0,0,0,0,0,0,0,0,0,0,0
3907,Lee Chung Yong,Korea Republic,LM,73,56,75,78,72,72,69,72,71,61,65,6,7,7,8,7,58,56,70,66,62,42,63,70,74,73,65,43,71,75,52,56,74,66,71,55,62,70,69,71,61,55,69,62,70,71,67,70,63,71,61,55,69,62,70,71,67,70,63,67
3949,Sin Jin Ho,Korea Republic,CM,63,56,56,73,69,65,70,70,68,60,75,15,10,12,15,11,55,70,56,69,64,58,66,75,69,76,66,40,50,77,63,59,74,51,69,60,67,68,71,69,63,60,71,67,68,69,65,67,65,69,63,60,71,67,68,69,65,67,65,65
4010,Lee Ho Seung,Korea Republic,GK,33,16,36,35,18,31,10,12,11,18,14,73,72,63,70,74,13,21,41,15,16,17,16,18,68,25,20,12,23,26,10,64,57,17,0,0,0,0,0,0,0,0,0,0,0,0,0,0,0,0,0,0,0,0,0,0,0,0,0,0
4032,Han Chan Hee,Korea Republic,CAM,70,66,73,69,73,67,66,67,69,66,58,11,10,7,13,14,60,57,51,69,66,52,40,72,70,74,66,45,69,74,48,66,72,46,71,58,63,70,70,71,61,58,70,63,70,70,68,70,63,71,61,58,70,63,70,70,68,70,63,68
4101,Kim Min Jae,Korea Republic,CB,65,78,74,69,47,62,25,21,34,23,23,13,7,11,14,11,74,64,75,59,37,73,30,37,68,59,44,66,65,74,69,86,56,24,49,70,65,47,55,49,62,70,55,65,47,48,48,45,59,49,62,70,55,65,47,48,48,45,59,48
4313,Ji Dong Won,Korea Republic,LM,68,69,74,66,71,72,54,67,74,69,62,10,11,14,13,16,78,49,78,54,68,15,66,69,71,55,72,20,75,73,40,73,72,60,68,50,53,70,64,68,51,50,64,53,70,67,70,68,53,68,51,50,64,53,70,67,70,68,53,70
4325,Kim Min Woo,Korea Republic,CM,73,63,73,74,71,60,67,69,69,61,49,11,6,14,16,10,50,66,72,65,65,62,53,70,69,71,66,65,72,81,63,67,72,53,70,64,68,69,70,70,68,64,70,68,69,70,66,69,69,70,68,64,70,68,69,70,66,69,69,66
4336,Lee Dong Gook,Korea Republic,ST,67,44,65,63,67,72,69,83,67,70,70,11,6,12,10,9,72,33,74,67,70,12,86,71,54,67,75,16,66,46,15,70,68,81,67,40,45,67,61,67,43,40,61,45,67,66,69,67,46,67,43,40,61,45,67,66,69,67,46,69
4563,Jung Jo Gook,Korea Republic,ST,67,38,61,59,62,60,54,66,61,77,67,14,15,12,9,7,71,23,76,56,59,15,70,72,76,64,68,25,66,51,20,90,51,67,63,43,45,66,57,63,44,43,57,45,66,63,70,64,46,63,44,43,57,45,66,63,70,64,46,70
4611,Kwon Soon Hyung,Korea Republic,CDM,35,61,80,78,68,64,67,68,65,64,68,8,11,13,10,15,50,65,78,74,76,57,54,71,68,72,74,54,53,69,57,65,73,62,68,60,66,66,70,68,60,60,70,66,66,65,64,65,62,68,60,60,70,66,66,65,64,65,62,64
4630,Ju Se Jong,Korea Republic,CDM,61,69,76,75,65,60,68,72,63,51,73,10,13,8,7,8,43,67,61,75,73,55,62,52,67,77,74,47,70,81,65,69,78,50,68,61,68,64,70,68,64,61,70,68,64,67,60,65,66,68,64,61,70,68,64,67,60,65,66,60
4684,Jeong Seung Hyun,Korea Republic,CB,39,25569,36,40,37,45,32,52,32,19,47,15,13,14,7,15,75,71,27546,44,17,25965,35,28,63,54,36,72,46,64,72,84,48,24,40,70,61,38,47,40,60,70,47,61,38,41,41,37,56,40,60,70,47,61,38,41,41,37,56,41
4688,Kim Jin Hyeon,Korea Republic,GK,62,14,66,43,24,12,20,11,14,13,13,71,70,67,71,70,19,15,68,22,15,11,15,16,69,12,18,12,56,43,13,65,53,13,0,0,0,0,0,0,0,0,0,0,0,0,0,0,0,0,0,0,0,0,0,0,0,0,0,0
4692,Cho Hyun Woo,Korea Republic,GK,51,19,21,50,18,17,11,19,12,18,15,72,73,59,71,68,16,17,54,23,14,16,19,12,66,28,19,16,50,29,18,60,65,18,0,0,0,0,0,0,0,0,0,0,0,0,0,0,0,0,0,0,0,0,0,0,0,0,0,0
4716,Yun Il Lok,Korea Republic,LM,81,58,88,74,71,55,68,64,71,64,56,6,11,6,8,12,54,60,65,64,66,35,51,74,66,69,67,23,80,81,44,72,59,63,69,52,59,69,66,69,58,52,66,59,69,71,68,71,61,69,58,52,66,59,69,71,68,71,61,68
4731,Choi Chul Soon,Korea Republic,CB,77,73,69,78,64,57,70,43,64,43,54,13,14,11,15,16,61,69,91,60,44,73,52,73,73,65,46,69,68,74,71,72,67,53,64,70,68,63,65,64,70,70,65,68,63,66,60,65,70,64,70,70,65,68,63,66,60,65,70,60
4791,Lee Jong Ho,Korea Republic,ST,74,72,72,76,70,60,52,58,66,69,56,8,7,15,10,7,70,56,76,63,66,33,64,73,69,63,69,32,74,72,38,75,67,63,68,54,58,69,65,68,55,54,65,58,69,67,70,67,56,68,55,54,65,58,69,67,70,67,56,70
4877,Jung Sung Ryong,Korea Republic,GK,41,31,14,43,14,52,10,19,12,12,11,70,67,79,69,69,14,25,45,33,16,15,12,14,70,32,18,12,49,25,11,41,39,17,0,0,0,0,0,0,0,0,0,0,0,0,0,0,0,0,0,0,0,0,0,0,0,0,0,0
4882,Yang Dong Hyen,Korea Republic,ST,54,33,74,66,67,70,58,42,63,74,46,11,13,9,10,9,75,24,74,45,63,26,66,74,68,57,68,21,57,70,22,83,58,62,63,43,45,65,57,63,45,43,57,45,65,62,69,64,47,63,45,43,57,45,65,62,69,64,47,69
5096,Lee Kwang Sun,Korea Republic,CB,62,68,36,58,35,62,32,26,30,19,22,12,16,10,9,15,79,75,71,43,27,73,34,42,65,58,35,66,63,72,70,73,47,38,43,69,62,42,49,43,63,69,49,62,42,45,45,41,59,43,63,69,49,62,42,45,45,41,59,45
5170,Kim Young Wook,Korea Republic,CM,74,66,71,70,69,54,62,60,66,57,68,7,13,15,8,13,60,68,73,68,62,61,62,49,69,75,64,59,69,78,62,66,73,52,67,65,68,65,69,67,66,65,69,68,65,67,62,66,67,67,66,65,69,68,65,67,62,66,67,62
5299,Kim Won Il,Korea Republic,CB,60,66,79,64,35,55,58,40,26,33,34,11,9,15,15,15,69,72,88,31,40,73,43,33,66,48,34,67,65,66,73,74,52,33,43,69,59,42,46,43,64,69,46,59,42,45,45,45,61,43,64,69,46,59,42,45,45,45,61,45
5339,Oh Ban Suk,Korea Republic,CB,48,67,68,42,30,64,26,29,24,21,28,9,10,12,14,7,69,73,75,36,16,73,35,22,63,44,34,67,38,68,75,84,39,30,35,69,59,34,42,35,58,69,42,59,34,36,38,33,54,35,58,69,42,59,34,36,38,33,54,38
5395,Yoon Bit Garam,Korea Republic,CM,73,70,72,73,69,56,68,74,71,73,75,8,11,11,11,6,54,68,66,71,67,63,63,72,68,74,72,47,76,80,69,72,75,64,72,65,69,71,72,72,66,65,72,69,71,72,70,71,68,72,66,65,72,69,71,72,70,71,68,70
5483,Jeong Woon,Korea Republic,LB,79,59,71,65,68,61,70,65,67,58,65,10,11,16,9,15,58,74,74,58,59,74,44,74,71,68,63,69,73,71,73,59,69,24,68,68,69,68,68,68,71,68,68,69,68,69,65,69,71,68,71,68,68,69,68,69,65,69,71,65
5571,Kim Do Hyeok,Korea Republic,CM,56,69,72,81,63,69,58,57,59,56,63,13,13,15,13,13,54,63,71,73,64,59,53,58,67,76,65,48,56,82,59,69,74,43,66,61,67,63,69,66,61,61,69,67,63,64,60,62,63,66,61,61,69,67,63,64,60,62,63,60
5614,Kwon Chang Hoon,Korea Republic,RM,67,70,71,79,70,68,67,69,69,69,66,7,16,9,8,8,63,61,58,69,69,54,55,67,68,73,72,50,66,79,54,67,68,60,69,60,65,69,69,69,63,60,69,65,69,69,68,69,65,69,63,60,69,65,69,69,68,69,65,68
5664,Yu Sang Hun,Korea Republic,GK,42,32,44,52,13,59,14,11,12,19,13,71,68,64,68,71,19,22,43,34,14,14,25,10,70,35,18,18,34,32,13,60,57,12,0,0,0,0,0,0,0,0,0,0,0,0,0,0,0,0,0,0,0,0,0,0,0,0,0,0
5715,Han Kyo Won,Korea Republic,RM,87,70,85,68,72,71,59,67,69,70,57,7,11,15,7,12,62,55,70,52,69,53,67,66,62,66,65,52,82,76,54,62,65,67,69,59,61,69,64,69,63,59,64,61,69,69,68,70,64,69,63,59,64,61,69,69,68,70,64,68
5831,Go Yo Han,Korea Republic,CM,77,59,69,84,65,65,65,50,66,59,62,11,12,13,16,15,60,63,85,66,63,57,52,64,66,68,59,52,78,83,64,63,64,50,66,62,64,65,66,66,65,62,66,64,65,68,64,66,66,66,65,62,66,64,65,68,64,66,66,64
5899,Lee Chan Dong,Korea Republic,CM,62,83,69,64,64,55,46,58,59,53,60,9,10,8,13,12,65,69,32,64,60,67,53,57,64,67,65,65,59,77,68,80,68,53,63,68,68,61,65,63,65,68,65,68,61,61,61,60,64,63,65,68,65,68,61,61,61,60,64,61
5971,Kim Seung Dae,Korea Republic,CAM,79,59,73,73,75,73,62,49,72,70,58,7,7,8,11,11,52,32,72,66,37,44,49,74,75,68,63,33,81,69,28,52,63,49,69,47,54,70,64,69,54,47,64,54,70,71,68,70,57,69,54,47,64,54,70,71,68,70,57,68
6000,Lee Seung Woo,Korea Republic,CAM,65,34,65,70,76,50,62,35,73,71,27,9,12,14,11,10,62,16,69,50,68,15,62,70,68,69,69,14,68,57,12,50,52,62,67,35,42,69,59,67,43,35,59,42,69,67,68,69,47,67,43,35,59,42,69,67,68,69,47,68
6012,Kim Kwang Suk,Korea Republic,CB,69,75,77,66,56,56,58,46,51,38,30,9,8,16,13,7,62,68,86,49,41,68,43,46,74,55,48,66,82,55,67,71,43,39,53,68,62,54,54,53,65,68,54,62,54,56,54,56,64,53,65,68,54,62,54,56,54,56,64,54
6246,Lee Tae Hee,Korea Republic,GK,42,25,33,50,19,46,17,35,12,16,13,69,67,63,69,70,12,22,53,21,19,17,30,17,66,29,35,12,46,31,18,67,35,18,0,0,0,0,0,0,0,0,0,0,0,0,0,0,0,0,0,0,0,0,0,0,0,0,0,0
6373,Kim In Seong,Korea Republic,LM,90,33,81,65,70,60,78,55,72,63,48,7,6,12,12,7,45,22,80,62,40,34,66,57,57,71,66,31,92,37,31,56,48,51,65,42,47,65,57,65,50,42,57,47,65,68,63,69,53,65,50,42,57,47,65,68,63,69,53,63
6464,Kim Sung Joon,Korea Republic,CM,65,62,81,83,65,55,63,64,63,61,66,16,15,7,13,11,58,60,79,67,65,57,61,64,74,71,67,43,72,81,51,64,72,51,68,59,64,66,68,68,62,59,68,64,66,67,65,67,63,68,62,59,68,64,66,67,65,67,63,65
6602,Yun Suk Young,Korea Republic,LB,81,70,78,72,24108,68,23743,56,68,61,56,8,16,12,8,14,66,66,70,62,56,66,54,64,65,23377,65,64,80,75,66,68,65,56,66,67,66,66,65,66,68,67,65,66,66,68,66,67,68,66,68,67,65,66,66,68,66,67,68,66
6659,Gu Sung Yun,Korea Republic,GK,28,26,36,25,20,54,11,11,11,16,15,68,63,58,71,73,15,22,30,17,15,17,16,17,63,19,19,14,30,30,13,62,59,17,0,0,0,0,0,0,0,0,0,0,0,0,0,0,0,0,0,0,0,0,0,0,0,0,0,0
6668,Park Chu Young,Korea Republic,RM,67,55,71,67,68,68,58,75,68,67,74,8,12,7,12,6,64,34,81,67,67,21,81,68,66,68,71,44,67,62,34,68,69,67,68,48,53,68,64,68,51,48,64,53,68,66,67,67,53,68,51,48,64,53,68,66,67,67,53,67
6728,Song Jin Hyung,Korea Republic,CDM,75,67,78,79,67,63,65,64,66,62,71,14,14,7,8,13,56,52,38,63,59,62,67,64,64,68,63,63,79,66,64,52,73,58,67,60,63,66,66,67,64,60,66,63,66,67,64,67,65,67,64,60,66,63,66,67,64,67,65,64
6798,Oh Seung Hoon,Korea Republic,GK,43,18,31,46,17,55,13,11,15,17,16,71,66,62,68,70,11,20,55,19,11,18,21,11,53,29,25,13,48,16,20,66,42,11,0,0,0,0,0,0,0,0,0,0,0,0,0,0,0,0,0,0,0,0,0,0,0,0,0,0
6803,Kim Ho Jun,Korea Republic,GK,54,21,53,56,15,41,10,11,16,13,14,68,66,67,67,68,13,24,50,32,12,10,17,11,66,31,12,14,51,23,10,68,10,10,0,0,0,0,0,0,0,0,0,0,0,0,0,0,0,0,0,0,0,0,0,0,0,0,0,0
6805,Hwang Ui Jo,Korea Republic,ST,78,62,77,64,66,51,51,62,65,63,63,9,15,10,7,6,66,41,70,57,66,28,66,68,70,64,68,32,80,74,39,71,51,61,65,50,53,66,61,65,53,50,61,53,66,65,67,66,55,65,53,50,61,53,66,65,67,66,55,67
6889,Shin Hyung Min,Korea Republic,CM,67,64,63,61,62,66,68,73,63,46,67,9,15,7,12,9,58,67,77,62,70,67,68,66,70,67,81,61,68,86,63,71,69,66,65,65,67,64,66,65,67,65,66,67,64,66,63,64,68,65,67,65,66,67,64,66,63,64,68,63
6918,Kim Ho Nam,Korea Republic,LM,74,53,83,77,65,59,72,59,67,60,56,13,13,9,16,13,62,52,83,63,63,33,62,66,68,65,58,32,73,82,34,76,58,56,65,51,56,65,63,65,56,51,63,56,65,67,65,67,59,65,56,51,63,56,65,67,65,67,59,65
6920,Jang Hyeon Soo,Korea Republic,CB,66,72,40,54,63,65,26,22,59,23,25,13,15,14,9,13,73,62,67,34,21,71,33,22,57,38,38,68,67,64,69,75,53,26,46,67,58,47,48,46,60,67,48,58,47,48,46,46,57,46,60,67,48,58,47,48,46,46,57,46
6979,Hwang Hee Chan,Korea Republic,CAM,84,49,82,75,69,64,58,58,71,69,44,11,7,10,11,15,61,22,69,55,59,18,60,56,66,66,67,24,82,66,23,64,60,61,66,41,46,67,59,66,48,41,59,46,67,67,67,68,50,66,48,41,59,46,67,67,67,68,50,67
7044,Lee Seung Hee,Korea Republic,CDM,52,77,68,53,63,60,43,43,63,43,64,14,7,8,16,14,45,65,62,61,65,66,56,53,62,65,35,71,58,70,69,81,68,33,61,66,67,58,64,61,62,66,64,67,58,59,53,58,62,61,62,66,64,67,58,59,53,58,62,53
7384,Moon Chang Jin,Korea Republic,RW,66,32,76,75,68,60,61,64,68,65,68,10,14,12,10,7,40,28,58,58,45,23,56,67,67,72,64,22,75,62,25,59,65,45,67,38,48,66,61,67,47,38,61,48,66,67,63,67,51,67,47,38,61,48,66,67,63,67,51,63
7399,Son Jun Ho,Korea Republic,CDM,53,62,64,72,64,60,50,62,62,59,66,9,7,9,12,11,58,66,60,70,65,60,64,63,60,76,70,60,54,60,65,61,68,47,65,63,66,63,67,65,61,63,67,66,63,62,62,62,61,65,61,63,67,66,63,62,62,62,61,62
7428,Shim Dong Woon,Korea Republic,LM,82,34,83,89,68,66,55,41,73,68,60,12,8,16,13,10,52,19,90,54,45,23,62,80,59,59,59,21,82,74,28,73,62,45,67,40,45,68,59,67,47,40,59,45,68,68,67,68,50,67,47,40,59,45,68,68,67,68,50,67
7479,Hwang Hyun Soo,Korea Republic,CB,53,67,42,65,54,62,21,23,25,34,47,6,10,13,12,12,62,70,75,30,48,72,46,34,52,42,59,66,61,57,70,79,32,48,40,67,57,43,44,40,58,67,44,57,43,40,48,40,54,40,58,67,44,57,43,40,48,40,54,48
7760,Choi Hyo Jin,Korea Republic,RM,77,66,74,80,65,60,67,57,69,54,49,6,16,11,7,11,49,76,78,63,60,63,51,68,70,67,62,61,64,61,64,73,57,57,65,66,66,65,65,65,66,66,65,66,65,66,63,66,67,65,66,66,65,66,65,66,63,66,67,63
7779,Lee Keun Ho,Korea Republic,RM,69,53,77,73,66,67,59,61,63,65,56,6,15,13,15,6,64,54,67,58,61,38,62,66,68,63,64,33,77,59,35,78,62,55,65,52,55,65,61,65,54,52,61,55,65,64,66,65,55,65,54,52,61,55,65,64,66,65,55,66
7783,Oh Beom Seok,Korea Republic,CB,69,71,68,66,61,60,58,52,61,43,51,13,10,8,11,6,56,68,76,58,52,61,67,59,72,65,52,64,81,63,69,85,61,39,62,68,66,61,62,62,66,68,62,66,61,62,59,61,65,62,66,68,62,66,61,62,59,61,65,59
7795,Lee Sang Ho,Korea Republic,RW,81,67,87,88,60,65,63,56,64,64,67,15,11,6,15,7,48,64,83,62,66,51,65,54,65,65,67,41,86,88,41,62,62,59,65,55,60,64,63,65,61,55,63,60,64,66,63,66,63,65,61,55,63,60,64,66,63,66,63,63
7802,Hwang Jin Sung,Korea Republic,CM,69,33,63,76,70,56,68,73,69,70,72,9,9,14,8,8,52,54,74,67,66,56,69,73,68,73,70,27,71,60,29,65,70,66,70,50,57,70,66,70,55,50,66,57,70,69,68,70,58,70,55,50,66,57,70,69,68,70,58,68
7875,Lee Yun Pyo,Korea Republic,CB,50,66,68,66,59,60,43,44,58,39,38,8,13,12,11,13,70,64,78,41,57,70,51,13,60,49,61,67,45,73,68,74,50,51,49,66,60,48,52,49,61,66,52,60,48,49,50,49,59,49,61,66,52,60,48,49,50,49,59,50
7960,Moon Seon Min,Korea Republic,RM,83,28,90,84,64,52,57,61,71,59,49,8,14,7,9,11,39,24,73,57,53,20,52,67,57,65,54,27,75,70,22,51,59,51,65,36,44,64,58,65,46,36,58,44,64,66,60,66,50,65,46,36,58,44,64,66,60,66,50,60
7962,Kim Tae Hwan,Korea Republic,RM,90,65,89,72,70,65,61,52,76,50,50,12,10,16,9,11,56,60,76,60,48,62,56,62,61,65,62,61,90,69,60,71,62,53,67,63,63,66,64,67,66,63,64,63,66,68,63,68,66,67,66,63,64,63,66,68,63,68,66,63
7972,Lee Seung Gi,Korea Republic,CM,75,57,70,70,66,68,66,70,64,61,72,8,13,13,7,11,57,59,52,66,64,55,66,68,64,68,62,44,70,71,45,67,73,59,67,56,61,66,66,67,60,56,66,61,66,67,64,67,61,67,60,56,66,61,66,67,64,67,61,64
8028,Jung Woo Jae,Korea Republic,LM,71,63,71,73,65,59,66,38,69,57,34,12,6,15,11,13,58,66,59,61,69,64,45,65,63,67,68,56,75,73,63,63,54,40,64,63,64,65,64,64,65,63,64,64,65,66,64,66,66,64,65,63,64,64,65,66,64,66,66,64
8086,Gwon Wan Gyu,Korea Republic,RB,82,62,77,71,64,56,66,32,56,24,31,10,15,6,9,15,52,62,64,61,32,73,38,73,65,58,30,65,79,65,66,66,53,29,58,64,63,57,59,58,66,64,59,63,57,62,53,60,66,58,66,64,59,63,57,62,53,60,66,53
8156,Song Si Woo,Korea Republic,LM,74,55,68,61,68,63,66,58,68,64,46,14,10,8,12,8,45,39,71,61,58,40,53,71,61,66,59,41,73,44,38,55,61,47,66,48,52,66,61,66,52,48,61,52,66,66,63,67,54,66,52,48,61,52,66,66,63,67,54,63
8169,Paik Seung Ho,Korea Republic,LW,69,52,63,57,72,57,52,38,71,61,42,5,12,6,15,10,50,65,60,62,64,46,48,57,64,71,66,53,72,63,65,59,67,31,67,59,63,66,66,67,61,59,66,63,66,66,63,66,62,67,61,59,66,63,66,66,63,66,62,63
8322,Ko Seung Beom,Korea Republic,RM,68,67,72,75,66,59,59,30,64,62,39,12,6,7,11,12,43,59,65,65,62,56,35,58,64,70,66,53,68,90,55,67,68,42,66,59,64,64,66,66,62,59,66,64,64,66,61,65,64,66,62,59,66,64,64,66,61,65,64,61
8409,Lee Yeong Jae,Korea Republic,CM,64,64,63,82,65,60,42,55,64,45,59,16,15,10,11,8,44,58,68,68,60,48,48,62,65,72,65,46,70,75,48,64,69,39,65,55,61,63,66,65,57,55,66,61,63,63,59,61,59,65,57,55,66,61,63,63,59,61,59,59
8442,Jeong Jae Yong,Korea Republic,CDM,68,80,72,52,62,59,58,33,56,36,40,15,16,6,13,10,59,63,73,70,65,60,39,65,61,69,64,55,46,82,60,78,69,27,62,64,66,59,66,62,61,64,66,66,59,61,57,59,62,62,61,64,66,66,59,61,57,59,62,57
8457,Lee Seul Chan,Korea Republic,RB,74,63,75,75,65,50,68,28,66,45,34,14,8,7,10,6,55,64,79,53,53,66,36,59,65,62,52,64,78,66,67,64,49,29,60,65,63,60,60,60,66,65,60,63,60,63,58,63,66,60,66,65,60,63,60,63,58,63,66,58
8500,Yeo Reum,Korea Republic,CM,75,62,76,81,64,60,59,55,61,49,56,8,16,12,10,10,38,56,72,68,55,62,57,55,68,71,58,58,75,86,56,72,72,42,65,60,65,62,66,65,64,60,66,65,62,66,58,64,65,65,64,60,66,65,62,66,58,64,65,58
8511,Joo Min Kyu,Korea Republic,CM,69,58,68,60,60,66,33,35,59,72,32,14,10,11,12,16,63,61,70,54,55,50,43,73,60,64,68,39,61,78,58,74,55,68,62,58,59,64,61,62,56,58,61,59,64,60,66,61,56,62,56,58,61,59,64,60,66,61,56,66
8557,Kim Nam Chun,Korea Republic,CB,54,69,63,66,36,55,24,30,25,16,22,12,12,10,8,9,65,65,77,67,22,70,34,23,57,67,37,65,34,65,70,77,44,24,42,66,63,37,50,42,57,66,50,63,37,40,38,36,54,42,57,66,50,63,37,40,38,36,54,38
8559,Kim Yong Hwan,Korea Republic,LB,78,68,76,77,66,61,66,28,67,38,35,9,15,6,11,10,42,59,60,48,40,61,35,67,66,67,40,62,91,75,63,64,58,21,63,61,63,62,61,63,66,61,61,63,62,66,56,65,67,63,66,61,61,63,62,66,56,65,67,56
8587,Lim Chai Min,Korea Republic,CB,68,75,51,52,45,57,22,24,32,20,23,6,13,11,7,6,68,65,49,32,23,68,33,30,61,48,41,63,78,70,67,81,29,30,40,66,57,41,43,40,60,66,43,57,41,43,44,40,56,40,60,66,43,57,41,43,44,40,56,44
8635,Lee Jong Sung,Korea Republic,CM,63,72,59,63,65,57,41,45,59,56,53,13,15,13,10,12,57,66,54,69,65,58,50,55,63,67,67,56,56,80,60,72,71,48,63,62,66,62,66,63,61,62,66,66,62,61,60,60,61,63,61,62,66,66,62,61,60,60,61,60
8673,Lee Kyung Ryul,Korea Republic,CB,68,61,63,57,41,50,40,34,23,35,45,10,12,8,11,9,47,66,81,63,35,70,33,47,67,65,34,68,60,70,70,85,42,32,47,66,64,45,53,47,62,66,53,64,45,48,46,45,60,47,62,66,53,64,45,48,46,45,60,46
8695,Cho Yong Hyung,Korea Republic,CB,58,67,56,67,54,62,57,44,34,39,41,11,11,10,13,9,67,65,65,62,65,65,44,26,71,63,66,66,49,48,67,69,67,44,53,66,63,51,58,53,61,66,58,63,51,51,51,50,60,53,61,66,58,63,51,51,51,50,60,51
8706,Jang Ho Ik,Korea Republic,RB,84,71,78,65,64,59,64,38,66,45,39,5,12,9,10,12,44,59,61,58,45,66,41,58,66,65,48,65,85,78,66,63,59,33,63,63,64,61,62,63,67,63,62,64,61,66,57,64,68,63,67,63,62,64,61,66,57,64,68,57
8715,Kim Min Hyeok,Korea Republic,CB,78,81,46,52,54,44,23,28,36,19,22,13,12,11,8,7,61,62,62,30,20,65,32,27,55,41,47,70,76,63,70,78,34,26,41,66,57,42,43,41,60,66,43,57,42,43,44,42,56,41,60,66,43,57,42,43,44,42,56,44
8764,Lee Chang Geun,Korea Republic,GK,45,24,61,55,21,22,14,12,16,19,15,67,65,65,65,70,16,22,53,24,19,13,24,13,65,30,16,14,46,22,18,60,43,15,0,0,0,0,0,0,0,0,0,0,0,0,0,0,0,0,0,0,0,0,0,0,0,0,0,0
8792,Lee Woong Hee,Korea Republic,CB,69,73,70,59,56,55,52,42,57,22,45,12,9,12,14,12,56,62,74,46,52,65,13,58,60,56,24,67,74,71,65,73,55,25,55,65,61,53,56,55,63,65,56,61,53,56,49,55,62,55,63,65,56,61,53,56,49,55,62,49
8803,Cho Soo Hyuk,Korea Republic,GK,31,18,69,45,15,21,12,18,13,14,14,65,66,66,67,66,15,12,57,13,11,12,20,13,61,12,13,15,37,21,14,65,54,13,0,0,0,0,0,0,0,0,0,0,0,0,0,0,0,0,0,0,0,0,0,0,0,0,0,0
8892,Bae Il Hwan,Korea Republic,CAM,91,55,78,66,62,45,63,45,59,60,47,11,8,9,12,13,40,35,68,58,53,31,50,68,66,63,66,25,82,60,27,72,60,43,64,44,49,64,58,64,50,44,58,49,64,65,63,66,52,64,50,44,58,49,64,65,63,66,52,63
8987,Park Gi Dong,Korea Republic,CAM,63,63,57,56,64,62,40,57,59,65,55,14,7,13,8,8,66,36,52,44,64,24,62,65,63,65,70,22,63,67,23,73,57,59,62,44,48,63,57,62,45,44,57,48,63,60,65,60,47,62,45,44,57,48,63,60,65,60,47,65
8991,Cho Sung Hwan,Korea Republic,CB,32,76,39,53,43,69,26,29,24,44,34,16,9,7,6,15,74,56,80,55,48,66,40,23,64,56,57,63,48,53,65,76,68,38,46,65,60,44,52,46,55,65,52,60,44,42,48,40,51,46,55,65,52,60,44,42,48,40,51,48
9003,Yun Ju Tae,Korea Republic,LM,74,64,84,71,66,61,59,60,65,68,61,15,16,8,15,8,55,23,85,56,55,20,44,64,67,63,67,25,79,70,28,66,54,52,64,43,48,65,58,64,48,43,58,48,65,65,65,66,50,64,48,43,58,48,65,65,65,66,50,65
9017,Lee Gwang Hyeok,Korea Republic,LW,84,63,71,90,68,55,62,50,68,55,50,7,8,10,12,14,58,30,92,55,42,29,42,65,60,65,43,30,86,79,33,47,55,42,63,45,50,63,59,63,52,45,59,50,63,67,60,66,55,63,52,45,59,50,63,67,60,66,55,60
9019,Kim Jin Young,Korea Republic,GK,26,23,33,38,22,44,13,12,12,12,14,66,65,65,64,66,17,17,54,33,13,12,24,16,63,24,19,15,26,25,19,70,56,13,0,0,0,0,0,0,0,0,0,0,0,0,0,0,0,0,0,0,0,0,0,0,0,0,0,0
9095,Heo Young Joon,Korea Republic,ST,70,55,67,67,66,59,64,51,67,67,44,15,6,7,6,14,65,26,57,58,59,22,57,73,67,64,65,24,68,66,26,64,59,53,65,42,48,66,60,65,47,42,60,48,66,66,67,66,50,65,47,42,60,48,66,66,67,66,50,67
9173,Lee Ki Je,Korea Republic,LB,75,60,75,78,62,60,67,64,62,36,64,7,12,6,7,15,52,58,79,60,49,66,35,54,64,64,63,65,72,74,66,70,55,39,59,64,63,58,61,59,65,64,61,63,58,62,56,60,66,59,65,64,61,63,58,62,56,60,66,56
9276,Lee Seok Hyun,Korea Republic,CAM,73,38,72,69,65,54,60,67,62,58,69,7,13,7,12,9,55,53,59,67,67,12,63,67,63,72,66,13,71,75,18,52,72,52,67,39,50,66,65,67,48,39,65,50,66,66,63,66,52,67,48,39,65,50,66,66,63,66,52,63
9302,Lee Yong,Korea Republic,RB,80,77,77,64,50,60,75,59,54,54,56,16,15,6,10,15,44,55,87,61,58,69,45,52,68,64,53,66,59,71,69,60,62,45,59,63,63,57,60,59,65,63,60,63,57,61,55,60,65,59,65,63,60,63,57,61,55,60,65,55
9337,Kwak Hae Seong,Korea Republic,LB,68,68,70,72,62,55,65,42,63,57,33,12,6,11,14,12,53,63,59,48,39,66,46,49,60,58,43,65,71,74,66,70,39,31,56,64,61,56,56,56,65,64,56,61,56,60,56,59,65,56,65,64,56,61,56,60,56,59,65,56
9356,Hong Jung Nam,Korea Republic,GK,35,20,48,53,21,12,9,14,14,15,11,67,65,62,66,64,12,22,51,31,12,11,18,17,62,26,13,15,36,23,15,60,52,14,0,0,0,0,0,0,0,0,0,0,0,0,0,0,0,0,0,0,0,0,0,0,0,0,0,0
9468,Park Tae Hong,Korea Republic,CB,65,64,60,67,44,56,29,24,38,24,26,8,12,13,7,6,69,60,76,33,21,71,31,27,53,56,39,66,68,69,70,69,25,23,41,65,57,41,44,41,60,65,44,57,41,43,43,41,57,41,60,65,44,57,41,43,43,41,57,43
9495,Lim Jong Eun,Korea Republic,CB,72,62,40,33,59,61,43,38,58,38,38,7,8,15,11,16,77,63,36,42,37,63,37,37,58,47,39,64,58,54,65,86,47,30,50,65,58,51,51,50,60,65,51,58,51,52,52,51,58,50,60,65,51,58,51,52,52,51,58,52
9504,Kim Sung Hwan,Korea Republic,CM,68,67,83,53,67,55,58,68,65,47,68,14,7,6,16,9,76,65,89,63,76,66,68,63,66,65,76,55,67,64,60,90,66,57,65,68,65,65,65,65,63,68,65,65,65,64,66,64,63,65,63,68,65,65,65,64,66,64,63,66
9534,Jeong Hyuk,Korea Republic,CDM,55,72,92,75,65,59,67,74,61,49,73,9,15,14,8,8,44,63,85,65,66,57,57,57,65,68,66,55,69,76,59,71,68,48,64,61,65,62,65,64,62,61,65,65,62,64,59,63,64,64,62,61,65,65,62,64,59,63,64,59
9591,Kwak Kwang Sun,Korea Republic,LB,49,65,65,59,54,62,54,41,54,50,43,16,10,15,8,11,65,63,72,57,51,65,62,57,60,54,49,63,64,56,64,83,60,40,56,65,61,55,57,56,60,65,57,61,55,55,56,55,59,56,60,65,57,61,55,55,56,55,59,56
9628,Park Jin Po,Korea Republic,RM,85,67,86,85,61,65,56,56,58,61,53,7,15,8,14,13,62,63,72,43,43,63,45,67,66,63,41,64,76,67,65,72,65,53,63,65,62,63,60,63,65,65,60,62,63,63,62,64,64,63,65,65,60,62,63,63,62,64,64,62
9645,Kim Dong Woo,Korea Republic,CB,54,67,64,33,52,55,42,33,47,28,33,15,10,12,14,15,66,60,69,34,44,64,31,34,58,47,40,65,64,74,66,82,64,24,49,65,58,47,51,49,60,65,51,58,47,49,47,48,58,49,60,65,51,58,47,49,47,48,58,47
9724,Sin Se Gye,Korea Republic,RM,78,75,82,79,57,55,68,56,58,53,50,9,6,15,8,14,53,63,69,69,48,68,41,62,63,61,65,61,80,72,63,69,67,52,62,64,65,61,62,62,65,64,62,65,61,64,60,63,65,62,65,64,62,65,61,64,60,63,65,60
9772,Kim Gun Hee,Korea Republic,ST,69,69,59,57,66,65,53,43,69,63,27,7,12,6,9,7,65,48,63,40,54,22,58,67,64,64,65,25,74,66,32,70,58,53,63,48,50,65,58,63,50,48,58,50,65,64,65,64,52,63,50,48,58,50,65,64,65,64,52,65
9782,Kim Dae Ho,Korea Republic,LB,75,70,73,65,60,63,63,42,64,45,44,13,9,15,12,13,63,62,74,53,54,64,44,66,68,61,35,63,78,70,65,70,68,23,63,65,63,61,62,63,65,65,62,63,61,64,58,63,65,63,65,65,62,63,61,64,58,63,65,58
9820,Kim Chang Soo,Korea Republic,RWB,69,68,66,62,61,67,57,52,63,59,60,7,12,9,6,9,60,63,62,62,64,65,56,66,66,60,55,65,68,81,65,61,62,55,63,64,64,63,64,63,65,64,64,64,63,64,62,63,65,63,65,64,64,64,63,64,62,63,65,62
9866,Ko Moo Yeol,Korea Republic,LW,75,57,81,56,69,55,58,52,64,62,55,12,12,11,10,10,65,43,71,51,60,13,61,67,67,57,63,16,75,68,13,66,63,63,64,41,46,65,59,64,46,41,59,46,65,65,65,66,49,64,46,41,59,46,65,65,65,66,49,65
9880,Ko Tae Won,Korea Republic,CB,65,63,60,64,41,59,26,25,34,33,22,10,13,7,7,12,65,65,63,52,20,66,30,31,59,57,31,64,57,68,68,72,26,23,42,64,59,41,47,42,59,64,47,59,41,44,44,41,56,42,59,64,47,59,41,44,44,41,56,44
9901,No Dong Geon,Korea Republic,GK,43,26,48,45,16,56,17,15,12,16,18,68,61,65,61,69,15,16,61,43,14,14,25,11,59,28,22,13,41,24,16,72,23,18,0,0,0,0,0,0,0,0,0,0,0,0,0,0,0,0,0,0,0,0,0,0,0,0,0,0
9922,Suh Myeong Won,Korea Republic,LW,74,50,80,75,65,62,60,43,66,65,53,9,8,15,9,15,45,21,45,50,48,13,57,62,57,66,70,13,74,67,18,58,64,50,64,34,43,64,57,64,43,34,57,43,64,64,62,65,47,64,43,34,57,43,64,64,62,65,47,62
10024,Jo Young Cheol,Korea Republic,ST,70,61,72,66,63,63,60,60,65,59,56,12,9,14,15,12,54,65,63,59,60,55,61,65,67,61,66,57,62,67,63,54,65,55,64,60,62,64,63,64,62,60,63,62,64,64,62,64,62,64,62,60,63,62,64,64,62,64,62,62
10026,Jin Seong Wook,Korea Republic,RM,73,64,76,79,61,65,48,32,62,65,30,10,8,9,7,9,68,12,66,36,51,14,62,69,57,61,58,20,74,73,19,75,51,33,60,39,41,62,53,60,42,39,53,41,62,61,64,62,45,60,42,39,53,41,62,61,64,62,45,64
10046,Jang Seong Jae,Korea Republic,CAM,65,73,61,73,65,53,62,58,64,60,60,7,5,8,9,7,56,39,64,64,62,35,57,65,57,69,63,32,64,75,29,73,65,58,64,48,54,64,62,64,51,48,62,54,64,65,63,64,54,64,51,48,62,54,64,65,63,64,54,63
10056,Lee Kyu Ro,Korea Republic,RB,64,68,80,80,62,52,65,52,62,22,25,16,12,10,15,8,58,65,78,57,23,65,50,65,64,64,39,57,74,71,66,76,56,41,58,65,64,56,60,58,64,65,60,64,56,61,53,58,65,58,64,65,60,64,56,61,53,58,65,53
10105,Park Dong Jin,Korea Republic,RB,67,80,66,62,52,62,48,27,42,26,28,8,11,11,8,14,63,63,66,48,38,66,31,35,64,54,46,60,64,67,61,68,28,21,46,64,59,46,49,46,61,64,49,59,46,49,47,47,59,46,61,64,49,59,46,49,47,47,59,47
10115,Ham Seok Min,Korea Republic,GK,42,17,70,48,25,36,18,16,13,19,12,65,64,68,65,65,15,18,55,33,11,11,16,11,60,26,16,13,44,23,15,67,28,16,0,0,0,0,0,0,0,0,0,0,0,0,0,0,0,0,0,0,0,0,0,0,0,0,0,0
10129,Park Won Jae,Korea Republic,LB,65,76,83,80,61,62,59,55,35,24,34,14,16,8,13,16,49,62,79,53,54,63,47,52,62,58,47,65,88,65,64,76,65,63,55,65,62,53,57,55,64,65,57,62,53,56,51,54,63,55,64,65,57,62,53,56,51,54,63,51
10191,Yoo Hyun,Korea Republic,GK,54,27,56,59,33,45,13,11,12,11,13,69,53,74,66,64,11,12,54,43,11,16,26,14,64,45,23,19,57,30,21,30,63,15,0,0,0,0,0,0,0,0,0,0,0,0,0,0,0,0,0,0,0,0,0,0,0,0,0,0
10207,Lim Min Hyuk,Korea Republic,CM,71,53,69,75,65,55,57,42,64,60,44,11,7,10,11,5,40,41,90,58,58,30,45,64,59,65,58,27,74,66,28,31,68,48,64,41,49,64,61,64,49,41,61,49,64,64,59,64,52,64,49,41,61,49,64,64,59,64,52,59
10216,Kim Min Hyeok,Korea Republic,CAM,64,68,68,69,65,65,42,53,62,59,43,8,14,11,8,7,56,31,60,64,57,14,60,66,65,73,60,19,56,76,33,66,69,61,65,43,52,64,64,65,45,43,64,52,64,63,62,62,48,65,45,43,64,52,64,63,62,62,48,62
10224,Park Yong Woo,Korea Republic,CB,43,65,61,57,57,58,42,37,48,55,40,14,14,8,15,11,65,60,72,70,62,62,42,56,58,65,58,57,53,71,63,84,61,49,58,64,64,56,61,58,58,64,61,64,56,55,58,54,58,58,58,64,61,64,56,55,58,54,58,58
10245,Jeong Dong Ho,Korea Republic,LB,76,59,69,72,62,50,65,34,60,21,30,6,15,12,11,12,58,65,63,46,25,65,40,67,68,62,32,63,73,55,64,60,58,25,58,63,61,56,58,58,64,63,58,61,56,61,51,59,64,58,64,63,58,61,56,61,51,59,64,51
10252,Kim Dae Jung,Korea Republic,CB,37,57,41,36,45,55,24,29,40,39,25,12,10,8,9,10,68,62,69,49,18,63,35,53,55,54,42,63,52,57,65,84,40,26,45,64,57,45,49,45,55,64,49,57,45,44,49,42,52,45,55,64,49,57,45,44,49,42,52,49
10265,Lee Myung Jae,Korea Republic,LB,70,69,71,69,64,50,71,29,67,39,28,13,6,14,15,16,54,58,60,53,42,65,32,55,63,62,45,65,58,64,65,55,57,21,59,62,62,58,59,59,64,62,59,62,58,62,53,61,64,59,64,62,59,62,58,62,53,61,64,53
10363,Sim Sang Min,Korea Republic,LWB,72,65,71,71,65,60,64,50,67,50,39,9,13,13,7,13,37,67,68,57,47,66,39,67,66,64,43,64,70,72,64,63,55,30,62,62,64,61,62,62,65,62,62,64,61,64,57,64,66,62,65,62,62,64,61,64,57,64,66,57
10365,Choi Kyu Baek,Korea Republic,CB,66,43,52,58,35,65,30,27,28,21,28,12,7,15,5,11,68,67,66,59,22,70,36,32,63,57,40,66,70,56,68,72,50,26,44,64,59,41,49,44,60,64,49,59,41,44,43,41,56,44,60,64,49,59,41,44,43,41,56,43
10370,Kim Dong Jin,Korea Republic,CDM,63,52,59,69,59,69,32,26,34,21,34,13,7,13,7,7,55,64,74,35,25,69,26,47,57,56,21,64,68,66,67,74,31,25,45,64,58,44,48,45,60,64,48,58,44,47,44,45,58,45,60,64,48,58,44,47,44,45,58,44
10477,Kim Yong Dae,Korea Republic,GK,50,21,52,58,24,65,13,10,11,11,12,65,63,68,63,65,14,23,67,32,12,11,19,12,58,36,23,14,51,22,15,70,58,14,0,0,0,0,0,0,0,0,0,0,0,0,0,0,0,0,0,0,0,0,0,0,0,0,0,0
10483,Kim Jung Ya,Korea Republic,CB,47,53,46,55,62,47,29,32,32,47,31,11,14,14,15,7,64,59,72,34,31,65,30,30,56,61,37,65,53,66,69,78,32,31,45,64,59,45,49,45,59,64,49,59,45,45,48,44,56,45,59,64,49,59,45,45,48,44,56,48
10557,Ha Dae Sung,Korea Republic,CM,45,67,61,63,64,65,57,62,63,61,63,13,12,7,16,11,63,65,81,65,62,61,65,63,63,66,65,60,51,63,61,68,65,55,63,64,64,62,64,63,60,64,64,64,62,61,62,61,61,63,60,64,64,64,62,61,62,61,61,62
10564,Lee Jong Won,Korea Republic,CM,71,75,72,78,64,66,62,55,61,54,62,14,13,10,8,8,51,63,73,62,59,58,43,57,71,64,55,55,63,68,61,71,58,43,62,62,64,61,63,62,62,62,63,64,61,63,59,62,63,62,62,62,63,64,61,63,59,62,63,59
10567,Han Sang Wun,Korea Republic,CAM,60,42,74,63,67,60,71,77,66,55,76,15,10,13,8,14,63,40,70,65,63,34,75,62,66,65,64,29,77,73,33,74,72,62,66,48,53,65,64,66,53,48,64,53,65,67,64,66,56,66,53,48,64,53,65,67,64,66,56,64
10568,Choi Jong Hoan,Korea Republic,LB,78,52,73,76,62,55,64,54,63,53,56,10,8,6,12,14,42,62,82,58,44,58,58,65,59,62,45,58,81,81,59,70,67,46,63,59,62,61,62,63,64,59,62,62,61,65,58,64,65,63,64,59,62,62,61,65,58,64,65,58
10572,Oh Jae Suk,Korea Republic,RM,58,49,67,62,59,31,56,31,51,31,32,8,5,14,13,10,62,61,58,33,35,68,34,42,65,58,37,74,60,58,75,74,31,31,49,66,59,49,50,49,64,66,50,59,49,51,49,51,62,49,64,66,50,59,49,51,49,51,62,49
10638,Kweon Han Jin,Korea Republic,CB,54,52,48,60,55,50,40,22,48,43,25,9,14,8,7,6,59,67,73,58,37,66,33,34,55,56,36,68,56,60,67,68,42,31,49,64,60,47,53,49,60,64,53,60,47,50,48,48,58,49,60,64,53,60,47,50,48,48,58,48
10651,Yoon Seung Won,Korea Republic,RW,72,56,70,66,66,66,58,59,67,62,28,8,12,8,6,11,58,23,64,49,55,11,58,67,63,62,58,17,73,73,13,71,57,55,63,38,44,64,57,63,44,38,57,44,64,64,64,65,47,63,44,38,57,44,64,64,64,65,47,64
10681,Moon Sang Yun,Korea Republic,CAM,62,64,77,76,65,60,62,69,63,46,67,8,10,14,13,11,55,60,39,66,57,57,67,62,64,68,60,35,67,74,56,67,64,43,63,57,62,62,64,63,59,57,64,62,62,64,59,62,61,63,59,57,64,62,62,64,59,62,61,59
10748,Park Soo Chang,Korea Republic,CAM,76,56,66,84,63,59,53,62,60,65,56,8,8,12,15,12,64,59,76,53,57,56,57,69,65,57,65,42,61,78,37,67,55,36,61,55,56,63,59,61,57,55,59,56,63,62,64,62,58,61,57,55,59,56,63,62,64,62,58,64
10777,Oh Chang Hyeon,Korea Republic,LW,75,69,69,68,57,56,48,61,62,55,62,6,11,9,15,9,54,57,58,65,63,56,49,55,61,72,56,55,74,76,53,70,71,51,64,59,62,62,64,64,60,59,64,62,62,63,60,62,61,64,60,59,64,62,62,63,60,62,61,60
10804,Kim Chi Woo,Korea Republic,LM,80,67,79,78,57,53,72,73,54,39,72,10,16,16,14,16,60,65,84,69,70,57,71,63,67,71,69,59,65,63,60,64,65,62,63,63,64,61,64,63,64,63,64,64,61,63,59,62,64,63,64,63,64,64,61,63,59,62,64,59
10813,Kim Jae Sung,Korea Republic,CDM,56,52,70,71,64,58,62,69,62,60,68,7,9,14,16,10,62,63,65,63,64,60,68,60,65,66,58,57,65,70,59,64,66,62,64,61,63,63,64,64,62,61,64,63,63,63,62,63,63,64,62,61,64,63,63,63,62,63,63,62
10823,Baek Dong Gyu,Korea Republic,CB,46,63,43,66,43,50,29,21,45,38,23,11,14,13,11,8,61,64,77,54,25,66,29,52,54,53,39,67,60,77,67,70,50,35,47,64,60,47,52,47,58,64,52,60,47,48,48,45,57,47,58,64,52,60,47,48,48,45,57,48
10870,Lee Myung Joo,Korea Republic,CAM,71,67,78,67,63,63,61,52,61,66,56,15,11,15,9,12,60,68,73,62,65,63,53,69,65,69,53,47,69,69,59,71,66,44,66,63,64,65,65,66,63,63,65,64,65,65,64,66,63,66,63,63,65,64,65,65,64,66,63,64
10873,Kim Oh Gyu,Korea Republic,CB,31,63,79,62,43,61,60,45,33,32,51,7,8,16,10,12,64,63,85,61,44,62,44,61,67,63,52,59,59,83,63,82,65,56,52,64,63,50,58,52,61,64,58,63,50,52,51,49,60,52,61,64,58,63,50,52,51,49,60,51
10890,Kwak Tae Hwi,Korea Republic,CB,51,73,33,54,55,60,23,65,25,34,62,14,8,16,10,11,67,61,78,55,41,60,65,35,63,60,66,57,47,49,62,74,37,47,45,63,59,45,50,45,55,63,50,59,45,43,50,41,52,45,55,63,50,59,45,43,50,41,52,50
10916,Choe Jae Hyeon,Korea Republic,RM,73,54,70,58,66,64,59,46,65,63,40,6,13,5,9,13,54,59,57,48,54,64,38,67,65,62,57,62,72,70,64,62,54,38,63,61,61,64,61,63,64,61,61,61,64,64,63,64,64,63,64,61,61,61,64,64,63,64,64,63
10946,Kim Min Tae,Korea Republic,CM,70,51,58,46,63,52,40,38,45,32,34,7,13,11,12,6,49,60,59,61,34,65,41,34,63,70,43,54,73,67,62,80,62,26,56,62,63,52,59,56,61,62,59,63,52,56,49,53,60,56,61,62,59,63,52,56,49,53,60,49
10951,Kang Sang Woo,Korea Republic,LM,78,33,75,74,62,54,64,46,62,61,47,12,16,15,12,9,50,58,43,47,42,60,55,67,66,65,65,60,81,55,61,46,57,45,62,56,58,64,59,62,63,56,59,58,64,64,62,65,63,62,63,56,59,58,64,64,62,65,63,62
10955,Kim Dong Min,Korea Republic,LM,73,54,68,72,57,65,57,35,58,30,36,11,10,8,10,7,37,63,63,37,38,65,39,59,68,55,34,68,69,62,66,55,47,37,54,60,58,54,54,54,63,60,54,58,54,57,49,56,63,54,63,60,54,58,54,57,49,56,63,49
11060,Song Seung Min,Korea Republic,ST,72,77,68,63,64,54,59,54,65,66,58,11,9,7,11,8,64,51,62,55,55,42,65,64,64,58,62,44,70,71,46,75,62,53,63,56,57,64,60,63,56,56,60,57,64,64,65,64,57,63,56,56,60,57,64,64,65,64,57,65
11079,You Ju An,Korea Republic,CAM,70,57,70,64,63,56,40,46,63,65,37,7,12,11,14,12,58,31,58,61,42,42,55,66,59,64,63,36,73,67,38,58,64,48,63,47,52,63,59,63,50,47,59,52,63,62,63,62,51,63,50,47,59,52,63,62,63,62,51,63
11103,Park Hyun Bem,Korea Republic,CDM,38,64,62,34,63,51,61,47,61,58,55,6,14,13,14,15,62,65,65,60,59,58,58,64,62,63,63,54,41,75,57,87,66,45,61,63,63,60,63,61,59,63,63,63,60,60,61,59,60,61,59,63,63,63,60,60,61,59,60,61
11112,Lee Yong,Korea Republic,LB,81,61,79,53,43,63,61,53,45,55,46,15,10,12,8,14,44,63,83,54,41,64,62,44,65,56,60,61,67,90,63,83,58,60,54,63,61,53,56,54,63,63,56,61,53,57,55,55,63,54,63,63,56,61,53,57,55,55,63,55
11125,Kim Soo Beom,Korea Republic,RB,79,61,80,87,62,60,59,67,65,44,62,9,15,14,10,14,56,57,79,58,56,58,57,54,60,63,55,61,80,73,59,73,54,56,61,61,61,60,60,61,63,61,60,61,60,62,58,62,63,61,63,61,60,61,60,62,58,62,63,58
11128,Hong Jeong Un,Korea Republic,CDM,63,60,49,56,42,37,42,28,33,22,28,6,12,14,13,12,68,64,76,50,41,62,39,22,59,64,45,60,55,65,64,72,40,29,44,63,59,42,49,44,59,63,49,59,42,45,43,42,57,44,59,63,49,59,42,45,43,42,57,43
11140,Kim Jun Su,Korea Republic,RB,72,68,66,63,55,64,62,26,57,17,23,11,8,8,9,7,46,64,77,38,22,65,40,30,55,55,36,65,72,57,67,65,30,27,46,63,58,45,47,46,62,63,47,58,45,51,43,50,62,46,62,63,47,58,45,51,43,50,62,43
11146,Park Han Bin,Korea Republic,CM,53,62,65,59,59,55,55,37,58,32,33,14,10,13,14,13,49,63,53,65,62,59,43,60,64,68,62,56,34,72,59,74,67,30,60,60,63,56,63,60,58,60,63,63,56,58,53,56,59,60,58,60,63,63,56,58,53,56,59,53
11158,Han Kook Young,Korea Republic,CDM,72,65,55,62,63,57,59,32,63,33,40,10,10,10,9,13,63,67,57,60,27,56,43,67,64,65,41,51,72,76,59,72,63,26,60,62,63,59,62,60,63,62,62,63,59,63,56,60,63,60,63,62,62,63,59,63,56,60,63,56
11164,Kim Dong Suk,Korea Republic,CDM,69,49,91,91,66,57,61,62,65,60,63,15,14,15,16,16,34,57,61,62,66,27,62,56,58,67,68,26,80,63,48,53,66,61,65,46,55,64,63,65,53,46,63,55,64,64,60,65,56,65,53,46,63,55,64,64,60,65,56,60
11181,Kim Sun Min,Korea Republic,CDM,72,63,76,90,63,57,32,48,64,55,49,10,12,14,8,14,52,58,75,63,59,55,53,58,56,69,63,47,75,75,59,53,65,52,64,57,61,62,63,64,58,57,63,61,62,61,60,61,58,64,58,57,63,61,62,61,60,61,58,60
11191,Shin Kwang Hoon,Korea Republic,RWB,68,67,66,72,62,56,63,51,58,47,49,15,11,7,10,14,50,61,74,61,42,62,61,50,64,64,48,62,71,66,61,68,58,58,59,62,63,57,60,59,63,62,60,63,57,61,55,59,63,59,63,62,60,63,57,61,55,59,63,55
11196,K. Choi,Korea Republic,CAM,78,31,81,79,68,47,51,49,70,64,41,11,13,6,7,13,48,22,70,48,57,27,51,64,64,58,48,26,75,61,28,48,49,57,63,38,43,64,56,63,46,38,56,43,64,63,61,65,49,63,46,38,56,43,64,63,61,65,49,61
11218,Cho Chan Ho,Korea Republic,RM,71,67,81,88,61,66,63,57,61,58,57,8,13,15,11,15,63,53,78,61,58,39,63,60,66,64,65,28,75,54,31,73,63,62,63,51,54,63,60,63,52,51,60,54,63,63,63,64,54,63,52,51,60,54,63,63,63,64,54,63
11293,Lee Sang Heon,Korea Republic,CAM,70,53,59,72,66,52,49,45,67,65,31,12,12,9,15,13,55,46,68,48,52,42,53,64,63,57,58,35,72,60,42,56,63,49,63,49,52,64,58,63,52,49,58,52,64,62,62,63,53,63,52,49,58,52,64,62,62,63,53,62
11348,Ahn Ji Ho,Korea Republic,CB,66,65,57,55,54,56,45,47,24,14,68,11,9,16,16,8,56,65,80,43,13,64,45,56,55,47,46,68,66,72,69,56,47,32,44,63,58,44,49,44,61,63,49,58,44,47,44,44,59,44,61,63,49,58,44,47,44,44,59,44
11357,Kim Jin Hyuk,Korea Republic,CB,57,67,60,53,52,64,26,28,17,37,29,6,6,13,12,11,64,64,62,45,55,65,59,23,49,52,62,64,64,57,66,62,24,24,40,63,57,41,44,40,57,63,44,57,41,40,46,39,53,40,57,63,44,57,41,40,46,39,53,46
11413,Lee Yong Rae,Korea Republic,CM,56,68,71,77,62,60,63,71,61,44,69,15,16,7,9,10,56,58,84,65,63,57,62,59,63,67,69,51,67,77,57,76,63,60,62,61,63,60,63,62,61,61,63,63,60,62,59,61,62,62,61,61,63,63,60,62,59,61,62,59
11470,Seo Jung Jin,Korea Republic,RM,75,41,74,74,64,58,65,57,63,56,57,11,9,13,7,9,53,32,76,61,49,43,52,62,62,63,64,45,74,51,46,43,62,50,63,48,51,63,59,63,53,48,59,51,63,63,60,64,55,63,53,48,59,51,63,63,60,64,55,60
11475,Han Hee Hoon,Korea Republic,CB,70,66,53,66,27,50,22,28,33,18,26,13,14,8,8,7,62,65,70,32,23,66,34,27,56,49,30,63,61,72,67,76,31,25,37,63,55,36,41,37,57,63,41,55,36,39,39,37,54,37,57,63,41,55,36,39,39,37,54,39
11592,Bae Seul Gi,Korea Republic,CB,54,65,31,69,45,50,28,29,45,17,27,12,7,10,12,12,70,60,75,26,18,67,37,30,59,29,36,62,43,51,65,76,42,25,37,63,52,39,40,37,53,63,40,52,39,39,41,38,50,37,53,63,40,52,39,39,41,38,50,41
11610,Oh Seung Bum,Korea Republic,CDM,81,70,57,80,66,66,62,57,67,35,67,15,10,14,14,16,56,65,78,62,56,47,67,62,56,67,64,49,54,65,51,45,70,65,63,56,60,61,63,63,59,56,63,60,61,63,57,62,60,63,59,56,63,60,61,63,57,62,60,57
11615,Cho Won Hee,Korea Republic,RB,69,64,42,69,66,60,56,68,67,58,48,10,9,9,6,16,63,64,71,53,53,58,45,59,67,67,65,61,57,55,61,73,71,59,64,64,63,64,63,64,62,64,63,63,64,63,63,63,62,64,62,64,63,63,64,63,63,63,62,63
11619,Lee Bum Young,Korea Republic,GK,38,23,23,51,16,59,13,13,14,13,9,62,64,63,65,63,14,21,60,32,13,18,16,15,63,32,21,16,42,21,17,74,44,10,0,0,0,0,0,0,0,0,0,0,0,0,0,0,0,0,0,0,0,0,0,0,0,0,0,0
11626,Kim Chi Gon,Korea Republic,CB,42,65,51,58,44,66,51,35,39,37,21,12,11,8,8,8,63,57,51,52,38,69,46,34,58,59,43,65,33,53,67,76,42,35,45,63,59,43,49,45,56,63,49,59,43,45,45,44,55,45,56,63,49,59,43,45,45,44,55,45
11636,Kim Won Sik,Korea Republic,CDM,74,60,73,59,47,55,34,51,43,22,55,11,9,6,10,16,59,65,73,55,45,59,32,51,63,60,52,62,72,79,64,77,51,41,52,63,61,50,55,52,61,63,55,61,50,52,50,50,60,52,61,63,55,61,50,52,50,50,60,50
11658,Park Jong Jin,Korea Republic,RB,91,38,74,70,56,55,58,48,58,56,58,9,16,10,13,15,56,66,76,58,48,52,59,62,67,59,56,51,78,82,52,71,52,48,60,58,59,61,59,60,62,58,59,59,61,63,61,62,63,60,62,58,59,59,61,63,61,62,63,61
11718,Kang Min Soo,Korea Republic,CB,66,73,67,66,62,50,43,55,46,33,37,11,8,8,15,14,74,46,63,46,31,61,32,47,56,56,53,63,65,76,63,81,47,46,51,63,59,51,53,51,60,63,53,59,51,53,53,51,58,51,60,63,53,59,51,53,53,51,58,53
11747,Park Sun Ju,Korea Republic,LM,76,53,77,77,58,53,60,59,58,58,55,10,10,14,9,7,49,46,61,57,49,64,51,63,65,63,57,63,84,69,64,48,52,46,60,58,59,61,59,60,63,58,59,59,61,63,59,62,63,60,63,58,59,59,61,63,59,62,63,59
11756,Cho Dong Gun,Korea Republic,ST,76,60,54,70,58,56,50,47,58,56,37,9,11,16,8,16,65,34,74,55,53,12,66,68,65,56,63,16,78,25204,21,70,63,60,60,41,45,62,56,60,45,41,56,45,62,61,63,61,47,60,45,41,56,45,62,61,63,61,47,63
11760,Ahn Yong Woo,Korea Republic,RM,77,42,76,74,65,67,67,56,63,61,52,15,7,12,14,14,41,32,60,62,58,35,49,58,58,64,60,31,73,76,36,57,60,52,63,43,51,62,60,63,51,43,60,51,62,65,60,64,54,63,51,43,60,51,62,65,60,64,54,60
11783,Kim Seung Yong,Korea Republic,LW,67,46,57,61,63,63,70,76,63,65,78,14,12,9,14,11,53,47,57,66,63,37,67,62,63,64,68,47,59,61,50,56,65,34,63,50,55,63,62,63,55,50,62,55,63,64,62,64,57,63,55,50,62,55,63,64,62,64,57,62
11784,Kang Hyeon Mu,Korea Republic,GK,42,25,32,56,18,50,14,19,20,16,19,63,65,60,64,69,19,23,50,22,13,17,25,15,50,29,20,15,47,27,20,62,49,12,0,0,0,0,0,0,0,0,0,0,0,0,0,0,0,0,0,0,0,0,0,0,0,0,0,0
11797,Jung In Whan,Korea Republic,CB,68,63,35,40,56,50,39,36,57,36,34,13,16,12,14,11,65,63,60,53,35,61,38,45,62,56,36,60,58,71,61,80,47,32,52,63,60,51,55,52,60,63,55,60,51,54,51,51,59,52,60,63,55,60,51,54,51,51,59,51
11850,Kim Geon Woong,Korea Republic,CB,62,68,60,64,62,52,36,34,62,38,39,14,12,15,13,6,54,65,49,58,57,61,44,59,63,65,63,54,58,66,61,70,67,33,61,61,63,59,62,61,59,61,62,63,59,58,56,57,59,61,59,61,62,63,59,58,56,57,59,56
11854,Han Seok Jong,Korea Republic,CDM,51,68,63,63,62,49,46,48,56,38,46,10,15,9,16,7,59,65,71,62,55,57,38,47,63,65,60,57,56,83,59,67,69,43,59,62,64,56,63,59,60,62,63,64,56,58,54,55,61,59,60,62,63,64,56,58,54,55,61,54
11867,Jeong Jun Yeon,Korea Republic,RB,67,46,69,78,47,50,59,31,45,36,34,12,15,7,9,16,47,68,79,64,45,64,27,65,58,65,41,65,71,85,69,74,47,31,54,63,63,52,58,54,65,63,58,63,52,57,51,54,65,54,65,63,58,63,52,57,51,54,65,51
11889,Yu Jun Soo,Korea Republic,CB,71,65,56,60,62,60,56,56,62,62,53,11,11,7,12,12,59,65,65,55,45,63,65,61,62,45,63,57,63,65,59,83,54,61,57,63,60,60,57,57,60,63,57,60,60,59,62,59,60,57,60,63,57,60,60,59,62,59,60,62
12034,Yang Hyung Mo,Korea Republic,GK,55,17,64,52,23,35,11,14,11,20,13,65,59,61,61,69,11,21,58,29,18,17,23,13,55,22,20,17,49,26,17,68,16,12,0,0,0,0,0,0,0,0,0,0,0,0,0,0,0,0,0,0,0,0,0,0,0,0,0,0
12154,Lee Sang Hyeob,Korea Republic,CDM,52,45,75,77,57,50,43,55,59,58,63,11,15,7,7,8,49,52,58,58,52,46,50,68,68,65,65,51,70,73,50,63,66,49,62,53,57,62,62,62,56,53,62,57,62,60,60,60,57,62,56,53,62,57,62,60,60,60,57,60
12172,Kim Dae Won,Korea Republic,ST,73,59,68,65,60,52,61,40,59,62,34,10,6,9,11,12,61,17,73,34,55,13,60,67,59,56,67,15,71,64,12,59,58,50,59,35,39,62,51,59,41,35,51,39,62,60,62,62,44,59,41,35,51,39,62,60,62,62,44,62
12193,Lee Min Gi,Korea Republic,LB,73,49,69,60,59,65,54,42,58,26,42,10,15,12,12,10,43,59,60,56,28,61,38,40,59,60,34,60,75,79,61,58,46,23,53,58,59,51,55,53,62,58,55,59,51,57,46,54,62,53,62,58,55,59,51,57,46,54,62,46
12200,Kim Kyung Jung,Korea Republic,LW,80,23,71,71,61,54,59,47,64,55,35,15,12,16,7,15,39,30,46,37,33,20,53,59,57,63,48,17,82,57,22,45,62,42,60,34,41,60,53,60,44,34,53,41,60,62,56,62,48,60,44,34,53,41,60,62,56,62,48,56
12204,Jo Ju Young,Korea Republic,ST,65,48,54,58,58,54,37,33,56,66,35,11,8,14,14,14,61,29,62,50,56,21,44,68,54,55,63,20,65,62,22,66,44,44,56,39,42,59,52,56,41,39,52,42,59,56,62,57,43,56,41,39,52,42,59,56,62,57,43,62
12216,Choi Sung Keun,Korea Republic,CDM,75,67,69,65,63,53,56,34,61,39,35,7,13,15,10,15,43,63,62,61,51,62,38,57,59,67,52,61,72,75,63,73,58,36,60,62,64,59,62,60,63,62,62,64,59,62,55,60,64,60,63,62,62,64,59,62,55,60,64,55
12278,Kim Won Gun,Korea Republic,CDM,71,58,62,58,52,63,36,23,43,31,28,15,9,9,10,13,67,56,66,55,29,65,31,36,55,58,35,62,66,64,63,68,44,26,48,62,58,47,51,48,59,62,51,58,47,50,47,47,57,48,59,62,51,58,47,50,47,47,57,47
12408,Lee Ji Nam,Korea Republic,CB,59,61,62,62,44,58,52,46,33,35,48,7,9,16,14,9,70,60,70,55,37,61,48,53,62,57,42,60,63,56,62,70,59,39,50,62,58,48,53,50,59,62,53,58,48,50,50,49,57,50,59,62,53,58,48,50,50,49,57,50
12421,Shin Chang Moo,Korea Republic,CAM,64,63,74,82,65,58,48,58,59,55,62,6,10,15,11,15,41,59,59,61,65,35,53,61,57,65,58,35,63,75,36,51,67,50,63,48,56,61,62,63,52,48,62,56,61,61,57,61,54,63,52,48,62,56,61,61,57,61,54,57
12448,Jang Yun Ho,Korea Republic,CM,59,69,65,73,61,63,46,59,52,42,61,7,12,15,13,7,54,66,56,58,56,59,56,59,61,64,64,56,62,71,59,67,57,36,58,61,62,57,60,58,60,61,60,62,57,57,56,56,60,58,60,61,60,62,57,57,56,56,60,56
12574,Kim Gyeong Min,Korea Republic,CB,51,77,73,63,52,53,32,23,47,20,30,10,12,11,11,11,54,59,75,62,52,63,37,43,56,64,57,60,33,72,64,77,56,22,51,63,62,48,57,51,56,63,57,62,48,49,46,46,55,51,56,63,57,62,48,49,46,46,55,46
12589,Lee Woo Hyeok,Korea Republic,CM,68,60,82,61,59,52,57,34,59,33,53,8,15,11,7,13,60,55,67,62,65,55,45,63,62,68,54,44,73,79,48,65,65,28,62,56,60,59,62,62,59,56,62,60,59,62,56,60,60,62,59,56,62,60,59,62,56,60,60,56
12629,Kang Ji Yong,Korea Republic,CB,33,71,60,46,27,54,21,39,31,35,52,14,11,10,9,7,67,58,71,30,25,65,31,45,56,38,57,58,64,77,65,80,46,34,39,62,53,40,42,39,53,62,42,53,40,39,46,37,50,39,53,62,42,53,40,39,46,37,50,46
12642,Jung San,Korea Republic,GK,48,36,42,52,18,35,11,10,14,12,14,62,61,58,62,65,11,21,43,32,10,11,25,11,60,36,19,19,40,30,14,59,28,11,0,0,0,0,0,0,0,0,0,0,0,0,0,0,0,0,0,0,0,0,0,0,0,0,0,0
12689,Yeon Jei Min,Korea Republic,CB,68,67,59,57,42,58,28,30,35,25,28,7,9,10,13,12,65,59,75,24,25,64,40,25,57,41,31,60,65,68,63,77,58,30,42,62,54,41,44,42,56,62,44,54,41,43,42,41,53,42,56,62,44,54,41,43,42,41,53,42
12707,Kim Dae Gyeong,Korea Republic,LB,71,40,75,75,63,55,62,43,64,56,36,11,6,13,14,9,39,55,47,45,54,55,52,65,56,64,63,56,72,67,57,59,57,40,61,54,57,62,59,61,60,54,59,57,62,62,59,63,61,61,60,54,59,57,62,62,59,63,61,59
12756,Park Yong Ji,Korea Republic,LM,82,22,80,65,60,55,61,56,62,60,55,14,9,13,10,14,64,14,54,57,52,18,60,62,55,64,52,16,83,53,13,61,49,42,61,34,39,61,53,61,42,34,53,39,61,62,61,63,45,61,42,34,53,39,61,62,61,63,45,61
12759,Seo Bo Min,Korea Republic,CAM,82,55,78,72,59,53,60,42,63,59,35,11,10,7,11,13,33,35,46,47,65,21,52,65,57,59,66,29,81,66,34,53,53,49,61,40,46,62,55,61,48,40,55,46,62,62,60,64,51,61,48,40,55,46,62,62,60,64,51,60
12778,Park Dae Han,Korea Republic,RB,78,63,77,80,61,54,60,29,62,22,29,7,8,9,11,14,45,58,73,56,31,62,23,52,56,61,31,64,75,65,64,60,43,34,55,60,60,52,55,55,62,60,55,60,52,58,48,56,63,55,62,60,55,60,52,58,48,56,63,48
12809,Jang Dae Hee,Korea Republic,GK,40,20,39,53,23,55,14,12,11,16,19,63,61,57,61,63,16,21,53,23,19,16,18,20,60,27,18,11,40,21,17,61,37,12,0,0,0,0,0,0,0,0,0,0,0,0,0,0,0,0,0,0,0,0,0,0,0,0,0,0
12849,Yang Han Been,Korea Republic,GK,42,12,32,55,25,42,13,11,14,10,14,68,62,61,62,62,13,26,60,32,14,14,19,14,55,36,23,19,44,35,13,68,36,9,0,0,0,0,0,0,0,0,0,0,0,0,0,0,0,0,0,0,0,0,0,0,0,0,0,0
12853,Yang Jun A,Korea Republic,CB,66,54,66,59,62,60,59,65,60,51,71,6,9,9,11,12,63,66,70,56,68,59,50,61,65,63,63,62,75,76,60,71,57,50,61,63,62,62,62,61,64,63,62,62,62,62,61,62,64,61,64,63,62,62,62,62,61,62,64,61
12859,Song Ju Hun,Korea Republic,CB,67,59,43,39,36,53,34,22,25,43,29,13,12,6,6,12,58,65,73,37,18,54,32,27,61,42,31,67,63,58,67,83,26,36,37,62,54,38,40,37,57,62,40,54,38,41,44,39,54,37,57,62,40,54,38,41,44,39,54,44
12872,Lim Min Hyeok,Korea Republic,GK,20,19,34,40,11,36,11,10,10,7,13,62,62,58,61,63,14,9,48,21,5,7,15,8,59,17,20,14,36,19,11,48,39,5,0,0,0,0,0,0,0,0,0,0,0,0,0,0,0,0,0,0,0,0,0,0,0,0,0,0
12890,Lee You Hyeon,Korea Republic,RB,73,58,64,68,65,38,64,50,65,38,56,6,9,9,6,13,38,49,58,52,36,63,38,65,59,59,37,61,68,64,63,54,63,32,60,57,59,58,59,60,61,57,59,59,58,62,52,61,62,60,61,57,59,59,58,62,52,61,62,52
12947,Kim Sung Ju,Korea Republic,LB,64,44,63,61,67,56,59,64,66,57,40,7,10,14,10,8,48,59,53,61,65,60,44,58,62,66,58,62,65,61,59,75,62,44,64,60,62,62,63,64,61,60,63,62,62,63,60,63,62,64,61,60,63,62,62,63,60,63,62,60
12974,Kim Hyeon Wook,Korea Republic,CM,72,47,79,89,64,57,52,58,67,40,62,12,13,14,15,9,27,43,68,55,57,40,38,60,65,56,55,30,74,70,32,33,62,29,61,41,50,60,58,61,50,41,58,50,60,62,53,61,53,61,50,41,58,50,60,62,53,61,53,53
13008,Lee Sang Ki,Korea Republic,LW,76,67,73,73,59,62,64,41,58,53,30,5,8,6,6,14,36,45,58,53,59,58,59,62,63,60,69,50,70,72,52,72,60,52,60,55,57,61,59,60,58,55,59,57,61,62,59,62,59,60,58,55,59,57,61,62,59,62,59,59
13061,Je Jong Hyeon,Korea Republic,GK,48,21,34,42,16,29,11,19,18,19,15,62,61,58,66,60,12,19,40,25,19,13,16,13,53,29,24,15,40,28,18,81,53,11,0,0,0,0,0,0,0,0,0,0,0,0,0,0,0,0,0,0,0,0,0,0,0,0,0,0
13065,Jwa Joon Hyeop,Korea Republic,CDM,64,64,76,68,59,63,45,51,59,36,55,12,9,9,15,14,67,63,80,63,62,48,59,22,58,65,60,47,50,84,51,79,70,60,57,59,61,53,61,57,57,59,61,61,53,56,52,54,58,57,57,59,61,61,53,56,52,54,58,52
13077,Bae Cheon Seok,Korea Republic,ST,62,50,57,48,60,61,21,27,58,60,24,10,10,11,14,7,70,22,68,25,58,22,53,62,55,54,60,22,66,73,19,77,43,53,55,41,40,58,49,55,40,41,49,40,58,53,61,55,41,55,40,41,49,40,58,53,61,55,41,61
13111,Park Joon Kang,Korea Republic,LB,60,72,74,81,59,65,63,26,62,21,34,14,11,16,7,11,48,61,69,52,22,66,63,57,66,56,26,57,65,62,66,36,31,27,51,59,59,50,53,51,61,59,53,59,50,56,46,54,62,51,61,59,53,59,50,56,46,54,62,46
13115,Kim Jung Hwan,Korea Republic,RW,73,45,66,64,57,56,51,44,58,64,41,9,10,7,8,7,54,39,47,57,46,24,42,62,57,64,57,31,75,59,27,58,58,42,60,42,47,60,56,60,47,42,56,47,60,61,60,60,49,60,47,42,56,47,60,61,60,60,49,60
13154,Yun Sang Ho,Korea Republic,CM,40,63,69,76,63,57,52,45,59,52,42,15,7,10,7,11,43,39,62,64,58,35,49,58,56,67,56,38,51,78,41,52,62,50,60,46,54,58,61,60,49,46,61,54,58,59,55,57,52,60,49,46,61,54,58,59,55,57,52,55
13251,Kim Young Chan,Korea Republic,CB,68,59,67,35,42,54,35,22,37,19,29,9,8,13,8,10,62,60,77,37,16,63,31,21,53,45,40,59,66,57,64,74,30,24,38,61,53,38,41,38,56,61,41,53,38,42,40,40,53,38,56,61,41,53,38,42,40,40,53,40
13383,Back Jong Hwan,Korea Republic,RM,50,65,79,76,59,56,57,45,62,45,41,8,7,10,15,11,58,64,74,58,53,56,41,68,62,62,56,60,64,70,62,75,50,53,59,63,62,58,60,59,61,63,60,62,58,59,58,59,61,59,61,63,60,62,58,59,58,59,61,58
13403,Bae Jae Woo,Korea Republic,LB,78,54,62,81,55,56,61,28,59,31,31,7,9,15,15,10,42,59,63,43,21,62,23,59,57,53,23,64,76,61,64,75,44,26,52,60,57,52,52,52,61,60,52,57,52,57,48,55,61,52,61,60,52,57,52,57,48,55,61,48
13423,Lee Jong Min,Korea Republic,RB,67,47,77,83,63,73,65,63,62,56,74,14,14,13,12,8,52,65,82,64,57,62,66,53,63,61,63,61,62,53,60,74,59,56,61,62,61,60,61,61,61,62,61,61,60,61,60,61,62,61,61,62,61,61,60,61,60,61,62,60
13450,Park Sun Yong,Korea Republic,CM,65,65,67,69,61,61,62,63,58,31,59,9,15,15,15,9,63,65,70,61,40,64,57,57,65,66,22,57,63,82,67,62,55,30,58,64,65,55,61,58,65,64,61,65,55,60,51,57,65,58,65,64,61,65,55,60,51,57,65,51
13451,Jeon Hyeon Chul,Korea Republic,ST,70,33,67,77,58,57,57,46,59,61,44,15,14,16,9,13,55,32,59,54,61,18,63,62,57,62,63,16,77,57,18,51,62,59,61,36,43,61,56,61,43,36,56,43,61,61,61,62,46,61,43,36,56,43,61,61,61,62,46,61
13482,Lee Jin Hyung,Korea Republic,GK,48,16,63,46,19,25,17,19,19,18,15,62,61,62,63,63,13,18,53,16,11,16,22,14,55,30,19,17,49,33,19,75,15,18,0,0,0,0,0,0,0,0,0,0,0,0,0,0,0,0,0,0,0,0,0,0,0,0,0,0
13513,Hwang Jae Won,Korea Republic,CB,39,65,67,54,44,58,41,41,48,24,36,10,11,7,11,13,64,55,80,38,38,57,35,27,55,66,44,57,54,41,58,80,51,34,47,61,55,44,48,47,53,61,48,55,44,45,44,45,52,47,53,61,48,55,44,45,44,45,52,44
13517,Lee Hyo Gyun,Korea Republic,ST,60,46,66,54,58,43,26,27,61,60,29,12,16,12,7,12,66,18,57,39,44,18,59,65,57,55,62,17,60,74,23,77,52,52,57,39,41,59,51,57,39,39,51,41,59,55,61,56,41,57,39,39,51,41,59,55,61,56,41,61
13635,Lee Jin Hyun,Korea Republic,CM,78,37,84,79,65,60,64,68,65,51,65,13,6,13,9,6,31,50,66,65,48,43,51,56,57,68,44,49,68,68,35,31,65,52,63,44,54,60,61,63,55,44,61,54,60,64,54,63,58,63,55,44,61,54,60,64,54,63,58,54
13650,Yang Sang Min,Korea Republic,CB,56,64,61,68,63,56,62,60,63,51,63,14,10,14,16,13,63,63,78,57,55,64,51,55,60,62,70,61,57,51,65,75,58,32,59,65,62,59,60,59,61,65,60,62,59,59,59,59,61,59,61,65,60,62,59,59,59,59,61,59
13665,Hyun Young Min,Korea Republic,LM,49,58,70,61,67,55,65,60,62,53,66,7,16,11,10,8,61,65,64,66,48,66,57,57,61,65,69,65,67,39,68,66,55,61,60,65,63,60,61,60,62,65,61,63,60,60,60,60,62,60,62,65,61,63,60,60,60,60,62,60
13702,Kim Jong Min,Korea Republic,ST,64,37,71,64,57,52,33,32,55,63,28,11,8,14,9,7,64,17,66,25,49,16,58,64,57,47,59,12,67,50,14,70,48,45,54,35,34,57,45,54,36,35,45,34,57,53,60,56,37,54,36,35,45,34,57,53,60,56,37,60
13766,Lee Han Do,Korea Republic,CB,58,60,60,54,45,40,38,36,46,32,34,9,7,12,14,5,58,57,52,46,31,63,45,34,52,55,39,59,58,54,61,77,39,33,45,60,55,44,47,45,55,60,47,55,44,46,45,45,53,45,55,60,47,55,44,46,45,45,53,45
13779,Moon Jeong In,Korea Republic,GK,22,25,35,23,14,30,12,13,13,5,11,60,61,61,62,61,12,7,60,26,6,8,16,5,53,17,18,10,28,17,10,62,39,5,0,0,0,0,0,0,0,0,0,0,0,0,0,0,0,0,0,0,0,0,0,0,0,0,0,0
13786,Lee Dong Su,Korea Republic,CDM,60,52,47,60,67,55,36,39,44,31,30,14,11,14,13,8,52,62,55,57,41,70,37,32,64,65,42,55,55,75,58,60,68,33,55,60,63,51,60,55,60,60,60,63,51,54,47,51,59,55,60,60,60,63,51,54,47,51,59,47
13803,Lim Chan Wool,Korea Republic,CM,72,57,75,73,62,45,27,65,52,45,53,6,7,13,14,8,47,46,61,56,53,45,24,60,63,63,63,46,72,71,59,61,63,43,60,54,57,59,60,60,54,54,60,57,59,58,57,57,54,60,54,54,60,57,59,58,57,57,54,57
13827,Hong Seung Hyeon,Korea Republic,RM,73,43,69,59,63,54,62,33,62,53,36,14,5,8,12,7,40,12,35,35,54,32,62,65,60,57,55,28,71,64,34,60,40,40,57,38,42,59,51,57,46,38,51,42,59,60,58,61,49,57,46,38,51,42,59,60,58,61,49,58
13882,Joo Hyeon Woo,Korea Republic,RW,79,47,72,82,60,51,45,45,64,58,39,12,10,11,8,6,37,38,63,58,55,34,45,57,59,63,60,37,72,74,35,58,55,43,61,44,50,61,58,61,50,44,58,50,61,61,58,61,52,61,50,44,58,50,61,61,58,61,52,58
13896,Oh Kwang Jin,Korea Republic,LM,71,48,70,85,62,49,64,43,60,48,40,10,11,12,14,14,47,57,62,39,49,56,55,63,64,59,67,56,67,54,60,38,55,47,59,55,55,60,56,59,60,55,56,55,60,60,57,61,60,59,60,55,56,55,60,60,57,61,60,57
13906,Song Chang Ho,Korea Republic,CM,58,56,75,65,51,49,63,55,54,62,62,13,15,11,13,8,51,68,76,62,68,56,63,57,64,66,68,49,80,69,52,62,55,62,60,58,60,60,60,60,60,58,60,60,60,60,60,60,61,60,60,58,60,60,60,60,60,60,61,60
14085,Kim Sang Won,Korea Republic,LB,77,59,75,79,56,55,45,49,53,52,38,9,11,12,14,15,51,51,63,60,53,65,47,60,69,67,45,57,77,68,60,54,56,49,60,59,60,59,60,60,61,59,60,60,59,60,57,60,60,60,61,59,60,60,59,60,57,60,60,57
14101,Woo Sang Ho,Korea Republic,CM,64,60,56,68,64,61,39,40,61,40,42,14,6,11,11,15,47,55,65,57,45,59,44,44,57,64,46,64,56,66,61,61,54,38,57,59,60,55,58,57,58,59,58,60,55,56,51,55,58,57,58,59,58,60,55,56,51,55,58,51
14112,Park Dae Han,Korea Republic,GK,42,16,46,42,12,37,11,14,8,8,14,63,59,57,57,63,11,7,58,27,5,6,10,5,58,17,20,13,42,30,14,52,40,8,0,0,0,0,0,0,0,0,0,0,0,0,0,0,0,0,0,0,0,0,0,0,0,0,0,0
14204,Cho Min Woo,Korea Republic,RB,70,58,59,57,38,45,24,25,30,23,27,8,14,10,6,14,62,62,69,27,25,61,38,24,60,39,38,55,69,71,62,72,26,25,36,60,52,38,39,36,56,60,39,52,38,39,41,38,53,36,56,60,39,52,38,39,41,38,53,41
14214,Seo Young Jae,Korea Republic,LM,67,54,64,64,46,39,60,39,63,31,36,10,8,15,12,8,44,60,65,34,29,60,44,49,59,40,35,68,66,65,67,54,37,32,47,58,53,48,47,47,60,58,47,53,48,52,46,51,60,47,60,58,47,53,48,52,46,51,60,46
14218,Hwang Ji Soo,Korea Republic,CM,56,62,68,75,59,65,57,46,63,31,35,15,12,12,13,14,69,64,72,59,62,62,63,67,56,65,65,52,59,32,60,76,73,55,61,63,60,59,61,61,57,63,61,60,59,58,58,59,57,61,57,63,61,60,59,58,58,59,57,58
14221,Lee Sang Min,Korea Republic,CDM,65,63,55,74,56,60,37,38,49,22,39,11,9,6,14,7,49,57,57,65,49,50,40,54,59,64,57,46,66,87,49,69,64,33,56,55,60,53,60,56,56,55,60,60,53,56,50,52,57,56,56,55,60,60,53,56,50,52,57,50
14223,Lee Yang Jong,Korea Republic,GK,49,17,32,43,19,23,14,13,18,14,11,59,57,66,63,60,19,21,55,17,20,16,18,19,55,24,18,11,43,23,20,77,46,20,0,0,0,0,0,0,0,0,0,0,0,0,0,0,0,0,0,0,0,0,0,0,0,0,0,0
14264,Hwang Soon Min,Korea Republic,CAM,57,54,76,79,57,55,52,47,63,58,52,12,8,16,9,9,56,64,77,59,43,45,57,67,57,64,50,44,79,69,40,58,65,46,62,53,56,61,60,62,56,53,60,56,61,62,59,61,57,62,56,53,60,56,61,62,59,61,57,59
14368,Park Jung Ho,Korea Republic,ST,67,64,65,46,49,45,27,33,49,55,26,7,8,14,8,11,50,60,48,34,48,63,58,57,59,47,57,59,67,72,60,64,47,37,51,59,55,53,50,51,57,59,50,55,53,51,55,52,55,51,57,59,50,55,53,51,55,52,55,55
14381,Woo Chan Yang,Korea Republic,LM,73,58,65,62,55,56,59,34,57,25,28,7,7,14,14,5,57,58,56,52,34,60,35,48,54,58,29,56,71,54,59,58,38,28,51,58,56,49,51,51,59,58,51,56,49,54,47,53,59,51,59,58,51,56,49,54,47,53,59,47
14386,Seo Jae Min,Korea Republic,RM,65,42,51,70,58,60,61,43,60,55,34,9,11,11,12,11,33,23,74,42,31,27,47,63,57,58,54,20,64,59,21,33,56,41,56,33,40,57,51,56,42,33,51,40,57,59,53,58,46,56,42,33,51,40,57,59,53,58,46,53
14406,Na Sang Ho,Korea Republic,ST,70,52,69,71,57,43,38,40,50,66,38,15,7,7,15,9,61,17,74,38,53,17,58,60,56,53,60,18,72,61,10,48,52,48,56,34,37,58,49,56,38,34,49,37,58,55,59,57,40,56,38,34,49,37,58,55,59,57,40,59
14461,Lee Eun Beom,Korea Republic,RW,75,33,63,85,63,43,55,43,61,60,34,14,12,9,14,9,44,20,67,34,56,18,52,63,51,54,59,22,69,58,21,57,55,52,58,34,38,60,51,58,41,34,51,38,60,59,59,60,44,58,41,34,51,38,60,59,59,60,44,59
14473,Park Jeong Su,Korea Republic,CDM,70,67,58,43,46,42,31,28,45,21,31,11,9,8,14,6,51,62,59,58,20,59,39,44,57,62,23,50,65,59,55,76,34,20,47,59,57,44,50,47,55,59,50,57,44,48,43,45,54,47,55,59,50,57,44,48,43,45,54,43
14474,Kim Jin Ya,Korea Republic,LW,79,54,76,74,56,57,56,49,58,55,53,11,13,12,6,11,47,47,47,47,48,53,49,59,62,54,55,51,75,61,53,53,57,53,58,52,53,59,55,58,57,52,55,53,59,59,57,60,57,58,57,52,55,53,59,59,57,60,57,57
14477,Lim Seong Taek,Korea Republic,CAM,73,56,64,63,58,60,59,41,65,45,36,13,14,15,12,10,32,29,73,46,36,34,49,60,54,58,48,39,75,49,35,51,48,44,56,42,45,56,51,56,47,42,51,45,56,59,53,59,50,56,47,42,51,45,56,59,53,59,50,53
14495,Jang Cheol Yong,Korea Republic,LB,74,68,72,66,54,56,66,64,57,41,28,7,12,11,10,5,44,53,59,58,64,49,35,47,62,57,69,58,73,69,50,42,60,40,57,53,56,56,57,57,59,53,57,56,56,59,53,58,60,57,59,53,57,56,56,59,53,58,60,53
14516,Park Se Jin,Korea Republic,RWB,74,55,71,61,60,46,55,44,61,51,37,15,5,8,8,10,34,55,43,43,46,65,34,51,63,57,50,45,76,68,52,62,54,39,58,54,56,57,55,58,58,54,55,56,57,59,54,59,59,58,58,54,55,56,57,59,54,59,59,54
14556,Hong Joon Ho,Korea Republic,CB,53,52,58,62,44,40,44,25,42,36,28,13,6,14,7,9,62,58,50,50,48,60,34,25,49,52,46,61,62,62,64,66,31,27,43,59,55,42,46,43,56,59,46,55,42,45,45,44,55,43,56,59,46,55,42,45,45,44,55,45
14560,Kim Si Woo,Korea Republic,CM,66,45,64,57,62,55,25,45,60,55,26,6,12,7,14,8,46,57,41,57,59,26,51,55,59,66,64,27,64,65,24,60,62,44,61,43,51,60,59,61,46,43,59,51,60,58,58,58,48,61,46,43,59,51,60,58,58,58,48,58
14652,Ryu Jae Moon,Korea Republic,CM,64,43,56,61,57,53,40,42,53,39,38,10,9,8,11,10,51,54,53,65,37,40,50,51,54,68,48,44,69,66,43,61,65,41,57,50,55,55,59,57,53,50,59,55,55,57,52,54,53,57,53,50,59,55,55,57,52,54,53,52
14674,Kim Yeong Bin,Korea Republic,CB,57,52,58,61,40,55,22,23,24,18,25,6,12,7,7,10,68,60,70,27,21,60,38,48,52,42,32,56,53,70,58,78,35,24,38,59,51,38,41,38,53,59,41,51,38,39,41,37,50,38,53,59,41,51,38,39,41,37,50,41
14748,Choi Bong Jin,Korea Republic,GK,46,30,42,42,24,41,17,17,14,11,16,57,59,66,66,57,15,23,54,42,15,15,19,14,48,46,25,15,49,35,18,73,59,15,0,0,0,0,0,0,0,0,0,0,0,0,0,0,0,0,0,0,0,0,0,0,0,0,0,0
14770,Jeong YeongChong,Korea Republic,RW,64,48,61,71,57,51,53,46,59,57,36,14,14,6,7,12,55,24,61,56,49,38,50,60,57,64,58,50,65,71,39,51,59,48,59,45,49,59,57,59,51,45,57,49,59,60,58,59,52,59,51,45,57,49,59,60,58,59,52,58
14832,Hwang ByeongGeun,Korea Republic,GK,26,20,30,36,17,27,12,16,13,16,17,63,58,56,58,60,18,19,59,24,12,19,18,16,57,24,25,20,26,19,18,68,45,20,0,0,0,0,0,0,0,0,0,0,0,0,0,0,0,0,0,0,0,0,0,0,0,0,0,0
14837,Yeo Bong Hun,Korea Republic,CM,64,54,60,70,59,42,42,40,56,52,40,15,14,13,7,14,44,47,64,59,59,52,40,57,59,64,58,48,66,72,47,59,60,36,59,52,56,58,59,59,54,52,59,56,58,58,56,57,55,59,54,52,59,56,58,58,56,57,55,56
14974,Yoon Dong Min,Korea Republic,ST,56,42,85,74,58,52,65,44,57,70,56,14,7,16,7,9,33,31,58,45,50,44,52,70,67,35,60,34,66,81,35,62,63,51,57,42,46,59,53,57,49,42,53,46,59,60,59,60,51,57,49,42,53,46,59,60,59,60,51,59
15114,Yoo Seung Min,Korea Republic,LW,72,42,73,62,53,53,59,58,57,55,41,5,14,15,6,14,38,21,42,51,50,21,55,58,59,57,68,28,77,58,29,50,49,52,56,36,42,57,51,56,44,36,51,42,57,58,57,59,47,56,44,36,51,42,57,58,57,59,47,57
15116,Park Won Jae,Korea Republic,RB,71,54,65,76,59,50,59,43,54,25,52,7,6,13,9,9,43,57,72,42,35,57,38,59,57,39,52,60,68,67,59,62,42,26,49,56,54,51,49,49,58,56,49,54,51,54,49,52,58,49,58,56,49,54,51,54,49,52,58,49
15155,Han Ji Won,Korea Republic,CDM,59,57,56,53,63,55,41,38,58,54,52,14,13,6,5,11,40,58,65,58,65,59,36,33,56,62,62,54,57,47,58,61,44,33,55,57,58,54,55,55,55,57,55,58,54,53,53,54,55,55,55,57,55,58,54,53,53,54,55,53
15320,Song Yoo Gul,Korea Republic,GK,48,23,58,52,21,41,9,20,11,12,16,56,59,63,59,60,17,27,58,33,15,20,15,15,53,36,24,10,48,23,9,62,16,13,0,0,0,0,0,0,0,0,0,0,0,0,0,0,0,0,0,0,0,0,0,0,0,0,0,0
15492,Lee Jeong Bin,Korea Republic,CAM,70,59,68,71,62,57,46,48,58,56,38,10,10,13,11,9,47,47,59,56,43,39,42,60,59,63,51,40,73,59,40,59,66,44,61,49,53,60,58,61,52,49,58,53,60,60,57,60,53,61,52,49,58,53,60,60,57,60,53,57
15575,Kim Sung Ju,Korea Republic,ST,71,43,59,76,57,44,36,44,59,59,32,13,13,7,14,7,49,18,54,32,49,14,58,61,55,49,49,15,71,56,13,56,43,44,54,32,35,57,46,54,37,32,46,35,57,54,57,56,39,54,37,32,46,35,57,54,57,56,39,57
15596,Lee Joong Seo,Korea Republic,ST,68,31,53,63,57,44,25,32,57,63,33,12,9,6,8,7,52,10,51,30,48,17,55,56,60,48,54,19,69,58,15,54,47,41,54,31,34,57,46,54,36,31,46,34,57,53,57,54,38,54,36,31,46,34,57,53,57,54,38,57
15603,Kim Gyeong Jae,Korea Republic,RM,57,58,70,66,42,50,25,29,33,23,25,9,13,8,11,10,55,58,74,28,19,65,39,23,53,26,35,55,70,62,60,63,28,22,35,57,49,36,36,35,53,57,36,49,36,37,38,37,50,35,53,57,36,49,36,37,38,37,50,38
15615,Lee Jae Hyeong,Korea Republic,GK,20,27,22,33,13,21,13,10,14,8,12,58,58,56,58,61,13,8,56,26,6,9,14,4,45,29,15,10,33,25,13,61,33,9,0,0,0,0,0,0,0,0,0,0,0,0,0,0,0,0,0,0,0,0,0,0,0,0,0,0
15660,Park Yo Han,Korea Republic,CB,64,38,53,55,51,52,57,33,48,49,39,9,7,8,6,10,46,62,49,45,47,62,42,44,65,50,50,54,61,54,53,57,46,36,50,55,54,51,51,50,57,55,51,54,51,52,51,52,57,50,57,55,51,54,51,52,51,52,57,51
15975,Yoo Han Sol,Korea Republic,RB,72,57,70,49,45,56,54,26,44,32,32,8,10,8,8,12,47,58,42,44,32,56,33,45,57,47,34,57,73,61,56,57,43,32,47,55,53,46,47,47,57,55,47,53,46,50,45,49,56,47,57,55,47,53,46,50,45,49,56,45
16222,Kim Moo Gun,Korea Republic,LW,73,35,62,71,61,41,58,39,57,51,34,14,9,11,11,9,33,16,48,32,34,20,48,53,55,53,57,21,74,35,27,49,53,45,55,33,37,56,47,55,40,33,47,37,56,56,53,57,42,55,40,33,47,37,56,56,53,57,42,53
16235,Yu In Soo,Korea Republic,LM,74,47,60,66,61,52,48,46,60,56,47,15,6,12,9,7,41,43,67,52,56,41,49,55,49,50,54,40,71,61,38,60,51,48,56,46,48,57,53,56,49,46,53,48,57,57,56,57,51,56,49,46,53,48,57,57,56,57,51,56
16281,Ahn Joong Geun,Korea Republic,CF,58,67,59,74,44,40,32,41,65,57,32,13,12,9,12,8,48,14,55,34,47,11,55,58,62,46,67,13,60,62,17,56,54,53,53,33,36,56,47,53,34,33,47,36,56,52,56,53,37,53,34,33,47,36,56,52,56,53,37,56
16289,Kim Dong Gi,Korea Republic,ST,44,67,62,49,56,44,24,32,57,58,30,13,12,7,8,12,68,22,70,21,53,25,56,51,51,39,55,21,44,61,17,80,48,58,49,41,37,52,43,49,35,41,43,37,52,47,56,49,36,49,35,41,43,37,52,47,56,49,36,56
16292,Park Yi-Young,Korea Republic,CB,60,49,71,64,60,42,51,37,57,30,24,15,11,7,11,11,46,53,65,55,33,56,34,38,52,56,35,58,67,59,60,64,47,28,52,56,56,49,53,52,57,56,53,56,49,53,46,52,57,52,57,56,53,56,49,53,46,52,57,46
16328,Jung Seung Yong,Korea Republic,LWB,70,54,78,61,57,43,45,66,48,26,46,9,14,7,7,10,63,47,64,44,41,53,35,43,57,54,56,54,68,55,62,79,45,24,50,59,54,50,50,50,56,59,50,54,50,51,50,51,54,50,56,59,50,54,50,51,50,51,54,50
16402,Jo Yong Jae,Korea Republic,RW,70,55,61,38,56,50,51,39,63,45,33,7,14,11,11,7,37,21,64,36,43,23,34,63,45,46,36,21,71,52,22,49,52,53,54,34,37,54,47,54,39,34,47,37,54,55,51,56,42,54,39,34,47,37,54,55,51,56,42,51
16442,Lee Myeong Geon,Korea Republic,CDM,48,53,48,55,60,60,61,59,62,47,60,6,7,6,8,13,61,48,70,63,57,47,41,56,53,62,62,52,52,60,41,74,64,41,58,53,55,57,59,58,53,53,59,55,57,58,56,57,54,58,53,53,59,55,57,58,56,57,54,56
16566,Eun Seong Soo,Korea Republic,CM,52,59,57,66,52,57,57,66,47,47,64,13,9,15,13,6,48,53,54,66,60,42,35,32,51,69,63,50,53,45,50,61,65,25,55,52,55,51,57,55,52,52,57,55,51,53,50,52,52,55,52,52,57,55,51,53,50,52,52,50
16659,Kim Tae Ho,Korea Republic,GK,36,26,32,54,22,32,20,13,16,14,14,59,47,54,57,59,18,16,54,26,16,15,24,18,56,24,22,20,48,21,19,61,48,11,0,0,0,0,0,0,0,0,0,0,0,0,0,0,0,0,0,0,0,0,0,0,0,0,0,0
16727,Hwang In Hyeok,Korea Republic,CB,56,58,45,52,44,38,20,30,24,24,26,15,8,14,13,7,60,48,66,28,33,54,38,26,42,38,42,48,55,62,56,72,32,30,35,54,47,36,38,35,48,54,38,47,36,36,39,35,45,35,48,54,38,47,36,36,39,35,45,39
16742,Jeong Ho Min,Korea Republic,CB,58,42,44,52,40,43,36,38,40,32,48,13,8,9,6,13,50,56,60,54,36,57,38,38,55,48,36,55,48,50,57,65,38,24,43,54,52,42,46,43,51,54,46,52,42,44,42,42,50,43,51,54,46,52,42,44,42,42,50,42
16888,Yun Pyeong Gook,Korea Republic,GK,45,19,32,46,24,28,20,16,12,16,17,57,50,53,52,56,16,24,54,25,11,17,25,18,55,27,23,12,49,25,11,75,51,16,0,0,0,0,0,0,0,0,0,0,0,0,0,0,0,0,0,0,0,0,0,0,0,0,0,0
16893,Ahn Sang Min,Korea Republic,RW,71,47,72,81,57,59,48,48,59,45,36,7,10,11,9,5,39,29,83,63,28,38,43,36,40,59,45,47,69,42,39,34,52,41,53,42,46,51,50,53,46,42,50,46,51,54,47,53,47,53,46,42,50,46,51,54,47,53,47,47
16921,Kim Jong Seok,Korea Republic,CF,71,29,50,70,54,50,37,36,57,58,25,14,8,9,12,7,52,17,59,32,46,14,52,54,54,48,52,14,67,51,19,54,48,51,53,32,34,55,46,53,36,32,46,34,55,53,55,54,38,53,36,32,46,34,55,53,55,54,38,55
16933,Ahn Joon Soo,Korea Republic,GK,29,25,35,31,12,38,13,14,14,8,12,56,50,59,59,58,12,13,50,28,7,7,12,5,41,17,22,13,26,28,14,42,29,8,0,0,0,0,0,0,0,0,0,0,0,0,0,0,0,0,0,0,0,0,0,0,0,0,0,0
16990,Kim Dong Su,Korea Republic,CB,42,49,47,59,34,44,34,24,32,14,19,15,13,6,10,9,46,59,71,36,17,51,21,24,49,38,27,54,49,71,54,63,21,21,32,53,48,31,37,32,50,53,37,48,31,36,33,33,48,32,50,53,37,48,31,36,33,33,48,33
17019,Kim Jeong Hyeon,Korea Republic,CM,55,43,53,51,50,57,43,40,52,44,47,10,12,12,15,7,62,54,38,52,50,54,48,46,48,62,46,48,51,61,52,68,50,38,52,54,54,50,53,52,52,54,53,54,50,51,51,50,52,52,52,54,53,54,50,51,51,50,52,51
17261,Ha Chang Rae,Korea Republic,CB,57,46,47,47,34,39,20,26,32,23,20,9,6,10,14,8,46,49,67,32,16,47,39,25,48,36,37,59,39,58,57,71,30,21,33,52,46,34,36,33,47,52,36,46,34,35,36,33,44,33,47,52,36,46,34,35,36,33,44,36
17275,Lim Dae Joon,Korea Republic,CM,57,44,62,71,50,58,49,44,46,38,42,8,7,10,9,8,35,30,75,56,40,40,40,52,48,64,46,40,64,46,42,46,58,36,53,43,47,50,52,53,46,43,52,47,50,52,47,51,47,53,46,43,52,47,50,52,47,51,47,47
17321,Lee Jung Jin,Korea Republic,ST,70,31,55,60,53,49,36,35,48,48,37,7,8,14,10,13,49,30,67,48,44,30,40,50,54,52,51,29,70,52,28,56,43,41,51,39,42,52,48,51,43,39,48,42,52,51,52,51,43,51,43,39,48,42,52,51,52,51,43,52
17358,Kim Yong Jin,Korea Republic,CB,63,47,40,45,45,36,21,21,46,53,23,12,8,7,10,14,66,48,49,33,21,32,40,54,49,43,45,36,49,57,43,82,27,46,43,49,44,46,42,43,44,49,42,44,46,44,52,44,43,43,44,49,42,44,46,44,52,44,43,52
17369,Lee Hyun Woo,Korea Republic,GK,30,27,25,45,16,32,11,13,9,9,12,53,51,54,50,54,11,10,57,18,9,9,15,5,49,18,22,14,26,21,12,52,34,7,0,0,0,0,0,0,0,0,0,0,0,0,0,0,0,0,0,0,0,0,0,0,0,0,0,0
17408,Lee Yun Oh,Korea Republic,GK,14,26,22,27,18,29,8,9,10,5,13,54,52,55,52,59,10,14,39,23,4,6,10,7,35,28,20,11,23,31,12,52,36,6,0,0,0,0,0,0,0,0,0,0,0,0,0,0,0,0,0,0,0,0,0,0,0,0,0,0
17473,Jeong Seung Won,Korea Republic,RW,50,34,50,48,50,46,51,39,55,51,41,12,12,8,13,11,51,36,82,48,52,22,45,57,57,53,53,25,54,55,24,58,43,46,51,39,41,53,49,51,41,39,49,41,53,52,53,52,43,51,41,39,49,41,53,52,53,52,43,53
17641,Kim Hyun Tae,Korea Republic,CM,61,50,47,56,46,38,52,38,40,40,54,5,5,11,10,13,56,44,62,54,44,48,39,36,42,58,44,44,54,58,48,60,46,34,47,50,50,45,48,47,50,50,48,50,45,48,46,46,49,47,50,50,48,50,45,48,46,46,49,46
17787,Park Hyeong Min,Korea Republic,GK,20,16,31,28,18,36,12,12,12,5,11,52,52,56,44,52,10,7,36,26,8,9,17,4,42,21,18,13,17,19,13,60,40,9,0,0,0,0,0,0,0,0,0,0,0,0,0,0,0,0,0,0,0,0,0,0,0,0,0,0
