Name,Nationality,Position_int,Position,Rating,Height,Weight,Preffered_Foot,Age,Work_Rate1,Work_Rate2,Weak_foot,Skill_Moves,Ball_Control,Dribbling,Marking,Sliding_Tackle,Standing_Tackle,Aggression,Reactions,Attacking_Position,Interceptions,Vision,Composure,Crossing,Short_Pass,Long_Pass,Acceleration,Speed,Stamina,Strength,Balance,Agility,Jumping,Heading,Shot_Power,Finishing,Long_Shots,Curve,Freekick_Accuracy,Penalties,Volleys,GK_Positioning,GK_Diving,GK_Kicking,GK_Handling,GK_Reflexes,AttackingText,DefensiveText,Attacking,Defensive
Heung Min Son,Korea Republic,4,LM,79,183,77,1,24,2,2,5,4,78,84,17,23,19,60,80,80,29,73,72,75,75,62,85,86,76,60,77,79,65,65,82,81,86,79,70,71,73,6,11,13,13,10,2,2,2,2
Ki Sung Yueng,Korea Republic,5,CM,78,186,75,1,28,1,1,4,3,81,77,55,71,70,66,67,75,54,82,84,74,86,81,64,68,72,72,59,70,70,71,83,73,73,76,77,76,55,9,14,7,9,10,1,1,1,1
Koo Ja Cheol,Korea Republic,5,CAM,76,183,77,1,28,1,1,4,4,78,80,51,47,60,55,73,74,57,72,72,72,75,71,75,73,74,64,79,77,77,66,80,74,78,76,72,74,75,15,11,10,14,9,1,1,1,1
Yeom Ki Hun,Korea Republic,4,LM,76,182,78,0,34,1,1,3,3,73,72,24,22,23,55,72,77,63,77,73,84,78,74,71,75,74,78,62,75,77,55,80,71,72,84,85,72,63,12,7,7,6,11,1,1,1,1
Park Joo Ho,Korea Republic,1,LB,75,176,73,0,30,0,1,3,3,74,72,77,76,77,59,74,53,74,67,74,71,74,73,75,72,73,65,78,78,73,57,67,31,52,71,59,62,42,13,8,13,11,13,0,1,0,1
Kwak Tae Hwi,Korea Republic,2,CB,75,186,85,1,35,1,2,4,2,59,56,72,70,75,80,74,35,78,37,73,57,60,55,51,73,72,81,33,33,83,70,68,55,41,65,62,65,53,10,14,16,8,11,1,2,1,2
Lee Dong Gook,Korea Republic,9,ST,75,187,83,1,37,2,0,4,3,74,71,12,16,15,44,64,75,33,73,72,73,73,71,74,72,72,76,63,70,74,76,74,72,73,78,70,86,77,10,11,12,6,9,2,0,2,0
Hong Chul,Korea Republic,1,LB,74,176,67,0,26,2,1,3,2,65,69,66,69,72,63,74,73,63,62,60,75,67,66,87,90,90,71,80,70,86,58,72,24,66,76,73,70,24,7,11,13,11,15,2,1,2,1
Kwoun Sun Tae,Korea Republic,0,GK,74,184,85,1,32,1,1,2,1,24,14,13,20,14,24,70,17,24,65,57,10,35,34,39,47,20,69,61,67,68,18,21,16,13,14,12,22,11,74,74,72,71,73,1,1,1,1
Shin Hwa Yong,Korea Republic,0,GK,74,183,78,1,33,1,1,2,1,22,11,13,14,12,26,69,12,21,52,60,11,24,12,54,42,18,60,62,61,59,14,18,12,16,16,13,13,14,74,77,72,64,77,1,1,1,1
Lee Jae Sung,Korea Republic,5,CM,73,180,70,0,24,2,2,4,2,74,71,60,38,45,73,72,68,59,76,77,64,76,72,67,65,90,63,62,68,57,66,61,62,63,60,54,44,58,6,14,15,7,8,2,2,2,2
Koo Ja Ryong,Korea Republic,2,CB,73,183,75,1,24,0,2,3,2,55,36,73,67,72,75,66,22,76,49,43,25,55,49,69,74,73,84,64,66,82,69,36,24,36,27,30,32,25,10,15,12,16,7,0,2,0,2
Kwon Chang Hoon,Korea Republic,5,CM,73,174,69,0,22,2,0,3,3,78,75,50,48,52,75,68,73,59,73,70,65,73,71,69,69,81,67,81,73,55,63,75,71,76,70,66,55,60,8,7,9,16,8,2,0,2,0
Yun Young Sun,Korea Republic,2,CB,73,185,78,1,28,1,2,4,2,61,33,70,66,71,88,69,31,73,63,59,48,63,58,79,79,84,85,58,81,59,66,23,22,55,45,23,33,56,16,7,10,6,13,1,2,1,2
Yun Suk Young,Korea Republic,1,LB,73,183,76,0,27,1,2,3,2,70,71,71,72,71,75,66,61,66,65,76,72,69,62,83,82,82,70,75,83,70,66,69,59,56,56,56,54,56,8,8,12,16,14,1,2,1,2
Kim Shin Wook,Korea Republic,9,ST,73,197,97,1,28,1,1,3,3,75,60,54,42,40,73,75,70,26,68,67,52,67,62,61,59,77,89,67,54,70,72,76,75,72,53,50,75,72,10,7,7,10,8,1,1,1,1
Kim Seung Gyu,Korea Republic,0,GK,73,187,76,1,26,1,1,3,1,20,12,12,12,18,27,69,16,25,35,64,14,30,33,57,58,16,61,56,71,68,11,11,12,19,16,12,12,14,70,74,71,71,74,1,1,1,1
Lee Chung Yong,Korea Republic,4,LM,73,180,69,1,28,2,2,3,4,73,74,42,43,52,56,74,70,56,74,71,69,73,66,76,75,81,53,78,76,70,62,65,61,62,72,65,63,66,8,6,7,7,7,2,2,2,2
Kim Jin Su,Korea Republic,1,LB,72,176,70,0,24,1,2,3,2,69,65,73,73,72,58,73,57,71,42,63,68,71,62,74,75,75,60,76,78,68,56,26,26,27,66,68,55,23,9,14,12,6,7,1,2,1,2
Ju Se Jong,Korea Republic,5,CM,72,176,68,1,26,1,1,4,2,65,63,55,47,65,69,67,52,67,78,60,68,77,75,61,67,81,69,75,76,61,43,74,59,73,72,73,62,30,7,10,8,13,8,1,1,1,1
Yun Il Lok,Korea Republic,4,LM,72,178,65,1,25,2,1,4,2,72,72,35,23,44,58,66,74,60,59,56,68,69,64,81,80,75,72,74,85,65,54,66,67,65,64,56,51,63,8,6,6,11,12,2,1,2,1
Ji Dong Won,Korea Republic,9,ST,72,187,77,1,25,1,1,4,3,71,74,15,20,40,69,71,69,49,72,72,63,69,64,68,76,73,73,66,74,78,78,72,69,68,67,62,66,60,13,10,14,11,16,1,1,1,1
Kim Dong Joon,Korea Republic,0,GK,71,188,74,1,22,1,1,2,1,18,13,19,23,15,32,66,18,19,48,33,13,40,22,43,42,42,44,56,40,61,18,20,17,16,13,12,18,17,72,69,67,68,73,1,1,1,1
Lee Kwang Sun,Korea Republic,2,CB,71,192,83,1,27,1,1,3,2,35,30,74,66,71,69,65,42,75,47,51,32,58,43,62,63,74,73,59,36,74,76,35,19,27,26,22,34,38,9,12,10,16,15,1,1,1,1
Hwang Ui Jo,Korea Republic,9,ST,71,184,73,1,24,2,0,4,3,68,65,28,32,39,62,71,72,41,51,51,51,64,57,74,77,74,71,64,76,70,75,70,68,68,62,63,66,61,7,9,10,15,6,2,0,2,0
Yu Sang Hun,Korea Republic,0,GK,71,194,84,1,27,1,1,3,1,13,12,14,18,13,32,70,10,22,57,59,14,35,34,42,34,32,60,52,44,43,19,18,19,14,11,13,25,12,67,72,64,69,73,1,1,1,1
Park Chu Young,Korea Republic,9,ST,71,182,75,1,31,2,1,3,3,72,71,21,44,34,55,67,71,34,68,61,58,70,67,69,68,69,69,67,74,81,64,71,71,69,75,74,81,67,12,8,7,12,6,2,1,2,1
Kim Do Heon,Korea Republic,5,CAM,71,175,66,1,34,2,0,5,3,70,63,65,58,68,60,68,71,64,78,71,71,75,75,53,53,60,57,78,72,76,53,71,66,70,72,68,73,61,14,8,13,13,15,2,0,2,0
Kim Seung Joon,Korea Republic,6,RM,70,181,73,1,22,2,1,4,3,68,70,16,17,14,27,63,72,18,70,60,66,67,47,80,80,81,61,77,77,59,52,67,71,64,48,27,58,58,6,9,10,14,9,2,1,2,1
Kim Do Hyeok,Korea Republic,5,CM,70,175,65,0,25,2,2,3,2,63,59,59,48,59,69,67,58,60,74,69,58,76,73,55,58,85,69,81,72,71,54,64,56,63,57,63,53,43,13,13,15,13,13,2,2,2,2
Kim Min Woo,Korea Republic,5,CM,70,172,69,0,27,2,2,4,3,71,67,62,65,63,63,68,68,66,71,60,67,71,65,73,72,82,67,74,73,45,50,63,61,63,69,49,53,53,16,11,14,6,10,2,2,2,2
Lee Jong Ho,Korea Republic,9,ST,70,180,78,0,25,2,0,4,2,69,65,33,32,38,68,69,71,56,67,60,52,62,63,71,71,67,73,76,71,76,70,68,70,66,58,56,64,63,10,8,15,7,7,2,0,2,0
Sin Jin Ho,Korea Republic,5,CM,70,177,72,1,28,2,1,3,2,65,64,54,40,63,56,64,66,69,73,65,70,75,67,63,51,76,59,73,56,56,55,63,59,64,70,75,66,51,15,15,12,10,11,2,1,2,1
Park Gi Dong,Korea Republic,9,ST,70,191,83,0,28,2,0,4,2,66,64,24,22,23,63,65,74,36,57,45,40,66,44,64,63,69,73,56,57,53,68,70,72,64,57,60,62,64,8,14,13,7,8,2,0,2,0
Kim Tae Hwan,Korea Republic,6,RM,70,180,72,1,27,2,1,3,3,70,76,62,61,60,65,61,62,60,62,35,61,65,60,91,90,69,71,79,85,76,56,62,50,48,52,50,56,53,9,12,16,10,11,2,1,2,1
Kim Bo Kyung,Korea Republic,5,CM,70,176,72,0,27,2,1,4,3,71,68,59,55,60,55,72,71,49,70,65,69,75,70,82,81,62,56,77,74,72,58,63,64,66,73,71,72,64,13,12,10,15,13,2,1,2,1
Go Yo Han,Korea Republic,6,RM,70,170,65,1,29,1,1,3,3,66,68,57,52,65,59,68,66,63,64,65,65,71,67,78,82,81,63,84,67,87,60,59,60,63,50,62,52,50,16,11,13,12,15,1,1,1,1
Jung Sung Ryong,Korea Republic,0,GK,70,191,90,1,32,1,1,3,1,14,12,15,12,11,31,70,14,25,39,52,10,32,33,41,49,25,41,43,14,45,14,18,12,16,19,11,12,17,69,70,79,67,69,1,1,1,1
Yang Dong Hyen,Korea Republic,9,ST,70,186,80,1,31,1,0,4,2,67,63,26,21,22,33,68,74,24,58,55,58,57,45,47,62,70,83,76,74,74,75,64,74,63,42,46,66,62,10,11,9,13,9,1,0,1,0
Lee Jung Soo,Korea Republic,2,CB,70,184,74,0,37,1,2,4,2,61,62,66,69,71,66,69,36,66,58,64,53,57,54,59,62,78,82,68,47,75,76,67,62,57,65,57,77,42,7,15,11,12,12,1,2,1,2
Jeong Woon,Korea Republic,1,LB,69,180,76,0,27,2,1,3,2,63,57,74,69,73,48,60,24,74,55,41,65,66,52,73,72,65,59,65,38,74,55,53,19,17,65,63,44,24,9,10,16,11,15,2,1,2,1
Lee Seung Gi,Korea Republic,5,CAM,69,177,67,1,28,2,0,5,3,70,67,55,56,54,52,60,67,58,71,68,65,69,64,75,69,66,68,70,71,52,57,62,65,66,70,72,66,59,7,8,13,13,11,2,0,2,0
Shin Hyung Min,Korea Republic,5,CDM,69,182,77,1,30,1,1,5,2,62,63,66,61,62,62,70,66,73,68,66,68,70,67,77,76,86,70,61,63,77,58,85,46,70,73,67,68,66,12,9,7,15,9,1,1,1,1
Seo Sang Min,Korea Republic,6,RM,69,178,71,1,30,2,2,4,3,67,66,58,57,56,42,70,63,68,67,50,63,69,64,81,83,71,75,78,72,73,60,68,65,63,55,62,65,53,8,14,8,16,12,2,2,2,2
Kim Kwang Suk,Korea Republic,2,CB,69,183,73,1,34,0,2,4,2,56,51,70,65,67,75,77,36,68,43,56,58,55,49,83,81,63,71,66,81,89,62,48,38,41,46,30,43,39,13,9,16,8,7,0,2,0,2
Choi Chul Soon,Korea Republic,3,RB,69,173,70,1,30,2,2,3,2,64,63,70,68,69,73,71,72,68,66,57,70,65,60,74,71,67,72,78,68,91,61,46,43,44,43,54,52,53,15,13,11,14,16,2,2,2,2
Ha Dae Sung,Korea Republic,5,CM,68,182,73,1,32,1,2,3,2,66,65,62,61,64,67,66,63,67,66,65,57,71,70,45,56,75,70,63,65,66,63,67,63,64,62,63,65,55,16,13,7,12,11,1,2,1,2
Song Si Woo,Korea Republic,4,LM,68,175,71,1,23,1,0,2,2,70,70,40,41,38,55,61,71,39,61,63,66,66,61,74,73,50,57,61,68,35,45,59,64,58,58,46,53,47,12,14,8,10,8,1,0,1,0
Jeong Seung Hyeon,Korea Republic,2,CB,68,189,85,1,22,0,2,4,2,37,32,72,67,71,60,61,28,65,48,45,22,51,44,38,45,58,77,46,34,79,70,36,19,17,52,47,35,24,7,15,14,13,15,0,2,0,2
Son Jun Ho,Korea Republic,5,CM,68,178,73,1,24,2,1,3,2,64,62,60,60,65,62,60,63,66,68,60,50,76,70,53,53,60,61,72,64,60,58,70,59,65,62,66,64,47,12,9,9,7,11,2,1,2,1
Kim In Seong,Korea Republic,6,RM,68,180,74,1,27,1,1,3,3,68,72,34,31,31,33,58,47,22,49,50,78,71,62,90,94,33,56,65,76,35,45,66,63,40,55,48,66,51,12,7,12,6,7,1,1,1,1
Shim Dong Woon,Korea Republic,7,LW,68,169,69,0,27,2,1,4,3,68,73,23,21,28,34,59,80,19,62,50,55,59,54,82,79,74,73,87,83,87,52,59,68,45,41,60,62,45,13,12,16,8,10,2,1,2,1
Lee Jong Sung,Korea Republic,5,CDM,68,187,72,1,24,1,2,3,2,65,59,61,56,60,72,63,55,66,71,57,41,69,71,63,61,82,72,63,59,59,57,67,56,65,45,53,50,48,10,13,13,15,12,1,2,1,2
Kim Ho Nam,Korea Republic,6,RM,68,178,72,1,27,2,0,4,2,63,65,33,32,34,53,68,66,52,58,55,72,65,63,74,73,82,76,77,83,83,62,58,60,63,59,56,62,56,16,13,9,13,13,2,0,2,0
Kim Sung Joon,Korea Republic,5,CM,68,174,68,1,28,1,1,3,2,65,63,57,43,51,62,74,64,56,72,55,63,69,65,65,72,77,64,83,82,79,58,66,61,64,64,66,61,51,13,16,7,15,11,1,1,1,1
Lim Jong Eun,Korea Republic,2,CB,68,192,88,1,26,1,2,3,2,59,58,65,65,67,62,62,37,67,47,31,43,47,42,72,67,54,91,32,40,36,79,39,38,37,38,38,37,30,11,7,15,8,16,1,2,1,2
Lee Yun Pyo,Korea Republic,2,CB,68,184,79,1,32,0,2,3,2,59,58,70,67,69,66,60,13,64,50,50,43,49,41,50,56,73,74,66,68,78,70,61,39,57,44,38,51,51,11,8,12,13,13,0,2,0,2
Shin Kwang Hoon,Korea Republic,3,RB,68,177,77,1,30,2,1,3,2,64,64,66,65,66,68,70,50,64,58,56,67,65,61,73,74,75,68,72,68,74,50,48,47,42,51,53,61,58,10,15,7,11,14,2,1,2,1
Lee Sang Ho,Korea Republic,6,RM,68,173,65,1,29,2,1,3,3,61,65,51,41,41,67,66,55,64,63,65,63,65,62,85,87,88,62,88,87,83,48,67,64,66,56,67,65,59,15,15,6,11,7,2,1,2,1
Kim Chang Soo,Korea Republic,3,RB,68,178,69,1,31,2,1,3,2,66,65,66,66,66,68,67,66,63,62,67,61,63,62,76,74,78,61,62,66,62,61,55,59,64,52,60,56,55,6,7,9,12,9,2,1,2,1
Choi Hyo Jin,Korea Republic,6,RM,68,172,70,1,33,2,2,3,2,64,68,63,61,64,66,70,68,76,57,60,67,68,63,77,72,69,72,77,78,45,49,62,54,60,57,49,51,57,7,6,11,16,11,2,2,2,2
Oh Jang Eun,Korea Republic,3,RB,68,175,73,1,31,1,1,4,3,66,67,65,64,62,53,62,67,71,68,65,67,66,64,76,76,85,64,78,76,62,39,70,62,68,62,66,68,56,8,16,9,10,14,1,1,1,1
Yang Sang Min,Korea Republic,1,LB,68,182,78,0,32,1,2,3,2,63,63,66,62,67,64,63,55,65,58,56,62,63,57,72,77,82,75,72,60,78,63,70,51,55,60,63,51,32,16,14,14,10,13,1,2,1,2
Cho Yong Hyung,Korea Republic,2,CB,68,182,72,1,33,0,2,5,2,62,56,68,69,71,59,71,27,67,67,71,57,63,72,65,65,64,66,67,56,65,67,66,39,65,44,41,44,44,13,11,10,11,9,0,2,0,2
Kim Chi Woo,Korea Republic,1,LB,68,175,68,0,33,2,1,3,2,57,54,58,60,61,67,71,64,66,65,53,72,73,69,82,81,69,64,78,86,84,60,69,49,70,73,72,71,62,14,10,16,16,16,2,1,2,1
Jang Ho Ik,Korea Republic,1,LB,67,173,68,1,23,1,1,3,2,63,65,65,64,65,71,64,58,59,59,59,64,65,58,85,86,68,63,65,78,45,44,48,45,45,38,39,41,33,10,5,9,12,12,1,1,1,1
Yoon Bo Sang,Korea Republic,0,GK,67,185,80,1,23,1,1,2,1,14,11,18,13,11,32,56,18,27,55,23,15,18,30,32,25,42,56,50,48,64,13,25,15,19,15,12,14,14,64,70,68,65,72,1,1,1,1
Lee Ho Seung,Korea Republic,0,GK,67,188,74,1,27,1,1,3,1,18,11,17,12,10,16,56,18,21,55,31,10,25,15,33,23,26,64,35,36,41,13,20,18,16,12,14,16,17,64,68,62,68,68,1,1,1,1
Han Chan Hee,Korea Republic,5,CAM,67,180,72,1,20,2,1,4,3,65,65,52,48,47,55,59,65,35,66,50,53,72,64,63,79,65,57,48,64,58,51,64,63,61,44,47,40,36,13,11,7,10,14,2,1,2,1
Kim Gun Hee,Korea Republic,9,ST,67,184,71,1,22,2,1,5,3,66,69,22,25,32,69,64,69,48,58,65,53,64,40,69,74,66,70,57,59,63,65,65,64,54,43,27,58,53,9,7,6,12,7,2,1,2,1
Kim Jong Woo,Korea Republic,5,CM,67,180,68,1,23,2,1,3,2,66,63,50,53,56,35,62,66,53,72,65,60,73,66,60,56,73,51,73,72,57,54,61,59,63,55,57,52,52,12,12,14,8,15,2,1,2,1
Lee Gwang Hyeok,Korea Republic,8,RW,67,169,63,0,21,2,1,4,2,71,68,29,30,33,63,60,65,30,55,55,62,65,55,92,93,70,47,90,71,38,35,43,55,42,50,50,42,42,12,7,10,8,14,2,1,2,1
Ahn Yong Woo,Korea Republic,8,RW,67,178,68,1,25,2,0,3,2,68,65,35,31,36,42,67,67,32,64,70,67,66,61,79,73,78,56,74,76,60,41,60,62,58,56,52,49,52,14,15,12,7,14,2,0,2,0
Kim Yong Hwan,Korea Republic,4,LM,67,176,64,1,23,2,2,4,2,66,68,61,62,63,68,66,68,59,58,61,66,68,48,78,82,75,64,77,76,60,42,40,38,40,28,35,35,21,11,9,6,15,10,2,2,2,2
Joo Min Kyu,Korea Republic,9,ST,67,183,82,1,26,2,1,3,2,58,57,50,39,58,58,59,71,61,55,66,33,64,54,69,68,73,74,58,68,70,63,68,71,55,35,32,43,68,12,14,11,10,16,2,1,2,1
Lim Chang Kyoun,Korea Republic,5,CAM,67,173,70,1,26,2,0,3,3,67,66,52,56,58,60,65,67,54,68,55,59,67,62,67,64,71,62,61,67,48,53,42,65,57,64,64,49,39,15,15,10,11,15,2,0,2,0
Lim Chai Min,Korea Republic,2,CB,67,188,82,1,26,0,2,3,2,45,32,68,63,67,75,61,30,65,29,57,22,48,32,77,78,68,81,52,38,57,68,41,20,23,24,23,33,30,7,6,11,13,6,0,2,0,2
Yeon Jei Min,Korea Republic,2,CB,67,183,72,1,23,1,2,3,2,42,35,71,64,67,70,61,25,63,58,45,28,41,24,76,68,69,79,57,59,76,65,31,25,25,30,28,40,30,13,7,10,9,12,1,2,1,2
Kim Nam Chun,Korea Republic,2,CB,67,184,78,1,27,0,2,3,2,36,25,70,65,70,69,57,23,65,44,55,24,67,67,57,37,65,77,66,63,77,65,37,16,22,30,22,34,24,8,12,10,12,9,0,2,0,2
Lee Ki Je,Korea Republic,1,LB,67,175,72,0,25,0,2,2,2,62,62,66,65,66,60,66,54,59,55,60,67,64,60,75,72,79,70,78,75,79,52,63,36,49,64,64,35,39,7,7,6,12,15,0,2,0,2
Jin Seong Wook,Korea Republic,9,ST,67,183,78,0,23,2,1,4,2,63,66,14,20,19,64,59,69,12,51,65,48,61,36,74,75,75,81,79,77,66,70,58,68,51,32,30,62,33,7,10,9,8,9,2,1,2,1
Yeo Reum,Korea Republic,5,CM,67,175,69,1,27,2,1,4,2,64,61,62,58,56,62,68,55,56,72,60,59,71,68,75,75,86,72,81,76,72,38,58,49,55,55,56,57,42,10,8,12,16,10,2,1,2,1
Yun Ju Tae,Korea Republic,9,ST,67,181,78,1,26,1,1,4,3,68,67,20,25,28,64,70,58,23,54,61,59,63,56,76,83,83,66,71,87,88,55,67,71,55,60,61,44,52,15,15,8,16,8,1,1,1,1
Sin Se Gye,Korea Republic,3,RB,67,178,73,1,26,1,2,3,2,57,58,68,61,63,75,63,62,63,67,55,68,61,69,80,82,72,69,79,91,64,53,65,53,48,56,50,41,52,8,9,15,6,14,1,2,1,2
Choi Hyun Tae,Korea Republic,5,CM,67,179,75,1,29,1,1,3,2,66,63,64,63,66,64,66,58,63,61,56,60,70,65,72,64,74,78,67,68,66,68,80,64,82,62,63,64,64,11,8,8,12,13,1,1,1,1
Park Jin Po,Korea Republic,1,LB,67,173,72,0,29,1,2,3,2,63,59,60,66,68,67,64,64,61,64,65,56,60,53,85,76,77,72,85,86,82,67,41,61,43,56,53,45,53,14,7,8,15,13,1,2,1,2
Kim Soo Beom,Korea Republic,1,LB,67,174,66,1,26,1,1,4,2,63,67,59,62,60,61,63,54,57,54,60,59,63,58,88,90,83,73,87,81,90,56,55,44,56,67,62,57,56,10,9,14,15,14,1,1,1,1
Lee Kyung Ryul,Korea Republic,2,CB,67,186,81,1,29,0,2,2,2,41,23,70,68,70,61,67,47,66,42,50,40,65,63,77,60,70,85,57,63,81,47,34,35,35,34,45,33,32,11,10,8,12,9,0,2,0,2
Lee Yong,Korea Republic,3,RB,67,180,74,1,30,1,1,3,2,50,55,70,66,70,79,70,52,56,62,60,75,64,61,81,53,90,60,64,77,87,44,53,55,58,59,56,45,45,10,16,6,15,15,1,1,1,1
Kim Won Il,Korea Republic,2,CB,67,185,77,1,30,0,2,3,2,35,26,68,65,67,66,66,33,66,52,55,40,40,31,68,65,66,74,64,82,88,69,34,33,40,40,34,43,33,15,11,15,9,15,0,2,0,2
Hwang Il Su,Korea Republic,6,RM,67,173,72,1,29,2,0,2,3,68,69,22,21,23,35,60,56,51,63,60,59,58,57,90,86,79,63,82,75,32,51,58,54,45,65,60,60,59,6,14,11,14,6,2,0,2,0
Han Sang Wun,Korea Republic,5,CAM,67,182,76,0,30,1,1,3,3,65,66,23,18,22,42,68,65,35,73,60,71,64,65,72,77,73,74,63,78,70,63,61,55,61,77,76,75,62,8,15,13,10,14,1,1,1,1
Lee Jae Sung,Korea Republic,2,CB,67,187,75,1,28,0,2,3,2,60,45,70,67,67,70,61,43,45,50,55,65,62,57,52,32,74,90,60,84,77,72,66,54,46,43,65,45,11,15,14,13,16,15,0,2,0,2
Kwak Kwang Sun,Korea Republic,2,CB,67,187,77,0,31,1,1,3,2,57,54,65,66,67,65,62,57,64,61,28,54,58,57,49,64,81,83,59,65,72,65,49,50,51,41,43,62,40,8,16,15,10,11,1,1,1,1
Kim Sung Hwan,Korea Republic,5,CDM,67,184,78,1,30,1,1,3,2,67,65,67,58,61,68,67,63,66,66,55,58,63,64,68,67,72,90,53,83,88,76,76,47,76,68,68,68,57,16,14,6,7,9,1,1,1,1
Seo Jung Jin,Korea Republic,6,RM,67,175,65,1,27,2,0,3,3,66,65,43,45,46,41,66,65,32,62,45,67,65,63,80,78,61,42,73,79,76,53,66,57,49,57,57,52,50,7,11,13,9,9,2,0,2,0
Lee Kyu Ro,Korea Republic,3,RB,67,180,68,1,28,2,2,3,2,63,63,67,58,68,68,65,65,67,56,52,65,65,57,64,74,76,76,80,81,90,58,39,22,23,52,25,50,41,15,16,10,12,8,2,2,2,2
Kim Jae Sung,Korea Republic,5,CM,67,180,70,1,33,1,1,4,2,65,62,60,57,59,52,66,60,63,67,58,62,70,65,72,73,81,64,71,72,65,62,58,60,64,71,70,68,62,16,7,14,9,10,1,1,1,1
Cho Sung Hwan,Korea Republic,2,CB,67,184,78,1,34,0,2,3,2,43,24,67,64,66,76,65,23,56,69,50,26,56,55,43,56,82,77,57,32,83,74,57,44,48,29,34,40,38,6,16,7,9,15,0,2,0,2
Hyun Young Min,Korea Republic,1,LB,67,179,73,0,37,1,1,4,3,67,62,66,65,68,58,62,57,65,55,50,65,65,66,72,67,68,66,61,70,64,61,69,53,48,60,66,57,61,10,7,11,16,8,1,1,1,1
Lee Jong Min,Korea Republic,3,RB,67,175,68,1,33,1,2,4,2,64,63,64,63,62,47,64,48,67,57,73,65,61,64,71,77,76,74,83,78,82,52,63,56,57,63,70,66,56,12,14,13,14,8,1,2,1,2
Ko Seung Beom,Korea Republic,5,CM,66,175,72,1,22,2,2,4,3,61,57,56,53,55,67,64,58,59,68,59,52,69,64,68,68,90,68,75,72,65,43,65,62,59,30,39,35,42,11,12,7,6,12,2,2,2,2
Heo Young Joon,Korea Republic,9,ST,66,184,75,1,24,2,1,3,3,64,61,22,24,26,53,65,70,26,54,47,55,63,58,70,65,61,62,67,67,57,61,62,68,59,51,44,57,53,6,15,7,6,14,2,1,2,1
An Hyeon Beom,Korea Republic,3,RWB,66,178,72,1,22,2,1,3,3,68,66,60,51,52,50,67,63,62,54,50,65,67,55,78,80,80,65,70,74,37,48,56,60,41,45,31,45,41,16,9,13,8,12,2,1,2,1
Park Yong Woo,Korea Republic,2,CB,66,186,80,1,23,1,1,3,2,58,48,65,58,66,65,58,56,59,59,48,42,67,71,48,53,70,84,57,61,72,65,58,55,62,37,40,42,49,15,14,8,14,11,1,1,1,1
Kim Dae Jung,Korea Republic,2,CB,66,190,85,1,24,1,2,3,2,45,40,65,67,68,56,58,29,63,40,55,24,54,49,43,52,57,84,36,41,74,60,32,21,18,29,25,35,26,9,12,8,10,10,1,2,1,2
Kim Jin Young,Korea Republic,0,GK,66,195,87,1,25,1,1,2,1,22,12,12,15,19,23,63,16,17,56,44,13,24,33,26,26,25,70,38,33,54,17,19,12,13,12,14,24,13,64,66,65,65,66,1,1,1,1
Gwak Hae Seong,Korea Republic,3,RB,66,178,70,1,25,1,1,3,2,65,64,66,65,66,68,60,49,63,39,55,65,58,48,68,71,74,58,72,70,59,53,43,57,39,42,33,46,31,14,12,11,6,12,1,1,1,1
Kim Dae Ho,Korea Republic,1,LB,66,180,78,0,28,0,2,5,2,60,64,64,63,65,70,68,66,62,68,63,63,61,53,75,78,70,70,65,73,74,63,35,45,54,42,44,44,23,12,13,15,9,13,0,2,0,2
Kim Byeong Oh,Korea Republic,7,LW,66,181,78,0,27,2,1,3,3,63,66,39,34,38,63,65,68,48,50,50,61,63,54,85,82,70,75,67,78,34,58,60,64,58,43,54,50,43,11,10,10,12,14,2,1,2,1
Kim Young Wook,Korea Republic,5,CM,66,177,70,0,25,1,1,3,3,69,66,61,59,62,66,65,49,68,59,54,62,71,66,74,69,63,65,70,71,73,60,63,57,60,60,63,62,52,8,7,15,13,13,1,1,1,1
Cho Chan Ho,Korea Republic,8,RW,66,170,68,1,30,2,1,2,3,65,64,39,28,31,67,66,62,53,63,66,65,65,62,75,75,58,73,88,81,78,63,66,60,58,57,57,63,62,11,8,15,13,15,2,1,2,1
Lee Chang Hoon,Korea Republic,4,LM,66,173,67,0,30,1,0,4,3,65,62,36,46,48,45,63,67,48,59,55,65,62,57,84,81,50,52,78,78,60,46,46,59,45,66,65,59,48,9,6,12,15,13,1,0,1,0
Kwon Soon Hyung,Korea Republic,5,CM,66,176,73,1,30,1,1,3,2,62,62,57,54,57,59,67,69,67,64,55,70,64,63,34,34,86,60,78,82,84,53,69,49,68,65,68,62,42,10,8,13,11,15,1,1,1,1
Jo Su Huk,Korea Republic,0,GK,66,187,80,1,30,1,1,3,1,15,13,12,15,14,18,54,13,12,54,21,12,12,13,31,37,21,65,45,69,57,15,13,14,11,18,14,20,13,67,65,66,66,66,1,1,1,1
Park Won Jae,Korea Republic,1,LB,66,175,69,0,32,2,0,3,3,64,64,64,66,65,76,64,73,63,65,62,59,58,53,73,90,65,78,79,83,79,49,47,24,54,55,34,47,63,13,14,8,16,16,2,0,2,0
Jung In Whan,Korea Republic,2,CB,66,187,86,1,30,0,2,2,2,56,57,64,63,62,63,62,45,64,47,50,39,56,53,72,75,71,83,40,35,60,65,36,36,35,36,34,38,32,14,13,12,16,11,0,2,0,2
Lee Sung Hyun,Korea Republic,8,RW,66,176,69,1,31,2,1,3,3,64,68,40,38,42,52,64,68,54,62,45,63,60,55,78,80,78,61,72,72,68,48,56,58,55,54,53,60,52,7,12,8,6,9,2,1,2,1
Cho Won Hee,Korea Republic,5,CM,66,177,72,1,33,1,2,3,2,66,67,58,61,61,64,70,59,64,72,60,56,67,53,75,73,83,73,69,42,71,63,65,58,53,68,48,45,59,6,10,9,9,16,1,2,1,2
Kim Yong Dae,Korea Republic,0,GK,66,189,81,1,37,1,1,3,1,24,11,11,14,15,21,62,12,23,58,65,13,36,32,50,51,22,70,58,52,67,14,23,11,12,10,12,19,14,65,64,68,66,67,1,1,1,1
Lee Jeong Bin,Korea Republic,5,CAM,65,173,65,1,22,2,1,4,3,67,65,39,40,40,59,59,65,41,66,57,46,67,61,70,73,79,59,80,68,59,47,51,56,43,48,38,42,44,11,10,13,10,9,2,1,2,1
Choi Kyu Baek,Korea Republic,2,CB,65,188,77,1,23,0,2,3,2,35,28,70,64,67,43,63,32,65,50,65,30,57,59,66,70,59,70,59,52,66,68,40,21,22,27,28,36,26,5,12,15,7,11,0,2,0,2
Kim Min Hyeok,Korea Republic,2,CB,65,187,73,1,25,1,1,2,2,49,29,64,69,68,81,54,27,60,34,42,23,34,24,78,75,60,75,55,46,61,59,45,19,19,28,22,32,26,8,13,11,12,7,1,1,1,1
Oh Seung Hoon,Korea Republic,0,GK,66,192,79,1,28,1,1,3,1,17,15,18,13,20,18,53,11,20,42,55,13,29,19,43,48,16,66,46,31,55,11,25,17,11,11,16,21,11,65,69,62,64,67,1,1,1,1
Oh Chang Hyeon,Korea Republic,5,CAM,65,179,73,0,25,1,1,3,3,57,62,56,55,53,69,61,55,57,71,56,48,72,65,75,74,76,70,68,69,58,54,56,55,63,61,62,49,51,15,6,9,11,9,1,1,1,1
Jang Hyun Soo,Korea Republic,4,LM,65,177,68,1,24,2,0,3,3,65,69,23,28,21,45,62,61,21,55,52,65,64,45,76,75,60,55,76,64,37,57,58,65,49,39,40,56,56,11,7,14,6,14,2,0,2,0
Hwang Hee Chan,Korea Republic,9,ST,65,177,74,1,21,1,1,4,3,68,70,18,24,23,41,65,51,22,58,63,58,63,53,82,81,60,59,75,80,63,61,66,66,56,55,41,60,58,11,11,10,7,15,1,1,1,1
Kang Sang Woo,Korea Republic,6,RM,65,176,62,1,23,2,0,3,2,62,62,58,55,57,33,66,67,58,57,45,64,65,47,78,78,56,46,81,75,43,50,65,61,42,46,47,55,45,12,12,15,16,9,2,0,2,0
Park Dae Han,Korea Republic,1,LB,65,175,70,1,25,1,1,4,2,62,63,64,66,66,63,56,52,59,43,32,60,61,56,79,76,66,60,80,78,73,45,31,22,31,29,29,23,34,11,7,9,8,14,1,1,1,1
Lee Tae Hee,Korea Republic,0,GK,65,187,78,1,21,1,1,3,1,19,12,17,12,18,25,56,17,22,35,46,17,29,21,42,46,16,67,50,33,53,12,35,30,37,35,45,30,18,66,65,63,65,66,1,1,1,1
Lee Hak Min,Korea Republic,3,RB,65,175,68,1,26,2,1,3,2,64,65,60,62,65,63,62,63,60,60,61,63,62,56,71,74,73,65,76,67,60,45,55,55,46,62,29,34,53,9,8,13,12,9,2,1,2,1
Yang Hyung Mo,Korea Republic,0,GK,65,186,82,0,25,1,1,3,1,23,11,17,17,17,17,55,13,21,16,35,11,22,29,55,49,26,68,52,64,58,11,20,20,18,14,13,23,12,63,68,65,61,69,1,1,1,1
Seo Myeong Won,Korea Republic,6,RM,65,179,70,1,21,2,1,4,3,65,67,13,13,18,50,59,60,21,64,62,60,66,50,74,74,68,58,75,83,44,45,70,63,48,43,53,57,50,9,9,15,8,15,2,1,2,1
Gwon Wan Gyu,Korea Republic,3,RB,65,183,76,1,25,2,1,4,2,64,66,66,65,66,62,59,62,62,53,56,66,58,61,65,67,65,66,71,70,64,52,30,24,32,32,31,38,29,9,10,6,15,15,2,1,2,1
Song Soo Yeong,Korea Republic,8,RW,65,175,70,1,25,2,1,3,2,68,68,46,37,40,56,60,68,40,49,52,66,58,50,73,70,62,63,75,66,63,53,63,67,55,63,66,57,59,10,11,8,7,13,2,1,2,1
No Dong Geon,Korea Republic,0,GK,65,191,83,1,25,1,1,3,1,16,12,14,13,16,26,59,11,16,23,56,17,28,43,43,41,24,72,45,48,61,15,22,16,14,15,18,25,18,61,68,65,61,69,1,1,1,1
Sim Sang Min,Korea Republic,1,LB,65,172,70,0,23,1,1,3,2,66,67,65,63,63,65,63,67,67,37,60,63,58,53,70,68,72,63,70,71,56,37,26,44,42,50,39,39,30,7,9,13,13,13,1,1,1,1
Lee Chang Min,Korea Republic,5,CM,65,178,74,1,23,2,1,3,2,60,57,43,46,53,69,59,54,58,69,66,52,76,68,67,62,78,52,73,67,71,55,53,57,49,39,48,47,48,6,15,16,13,14,2,1,2,1
Ham Seok Min,Korea Republic,0,GK,65,190,80,1,23,1,1,3,1,25,13,11,13,15,17,55,11,18,28,36,18,26,33,42,44,23,67,48,70,55,15,16,19,11,16,12,16,16,65,65,68,64,65,1,1,1,1
Park Yong Ji,Korea Republic,6,RM,65,183,73,1,24,2,0,4,2,63,65,18,16,13,22,59,65,14,49,35,61,67,57,82,83,56,61,65,80,59,65,52,61,52,56,55,60,42,10,14,13,9,14,2,0,2,0
Jeong Dong Ho,Korea Republic,3,RB,65,175,68,1,27,1,2,3,2,53,47,65,63,64,59,68,67,65,58,50,64,62,46,76,73,59,60,72,61,62,58,32,21,25,34,30,40,25,11,6,12,15,12,1,2,1,2
Lee Chang Geun,Korea Republic,0,GK,65,186,75,1,23,1,1,3,1,21,16,13,14,18,24,55,13,22,43,22,14,30,24,45,46,22,60,55,61,53,16,16,19,19,12,15,24,15,64,65,65,63,68,1,1,1,1
Choi Sung Keun,Korea Republic,5,CDM,65,181,69,1,25,1,1,3,2,63,61,62,61,63,67,59,57,63,58,53,56,65,57,75,72,85,73,65,68,62,43,49,39,47,34,35,38,36,10,7,15,13,15,1,1,1,1
Bae Il Hwan,Korea Republic,8,RW,65,179,75,1,28,2,0,4,3,62,59,31,25,27,55,66,68,35,57,45,63,63,58,87,82,60,72,66,78,68,40,66,60,53,45,47,50,43,12,11,9,8,13,2,0,2,0
Lee Jin Hyung,Korea Republic,0,GK,65,189,85,1,29,1,1,2,1,19,19,16,17,19,16,55,14,18,15,25,17,30,16,48,49,33,75,46,63,53,13,19,18,11,19,15,22,18,66,65,63,66,66,1,1,1,1
Park Soo Chang,Korea Republic,9,ST,65,174,71,1,27,1,1,4,2,63,60,56,42,37,56,65,69,59,55,45,53,57,53,76,61,75,67,84,66,76,64,65,65,57,62,56,57,36,15,8,12,8,12,1,1,1,1
Lee Seul Chan,Korea Republic,1,LB,65,172,65,1,23,1,2,4,2,59,58,65,63,66,63,59,50,62,37,40,68,60,53,68,78,66,64,72,75,41,50,32,35,30,28,34,36,29,10,14,7,8,6,1,2,1,2
Kim Won Sik,Korea Republic,2,CB,65,186,76,1,25,1,1,3,2,47,43,59,62,64,60,66,51,67,51,55,34,60,55,74,72,84,79,59,73,73,59,52,22,45,51,55,32,41,10,11,6,9,16,1,1,1,1
Sin Yeong Joon,Korea Republic,8,RW,65,179,71,0,27,2,1,3,2,60,61,12,22,12,32,66,53,62,70,56,58,62,53,85,88,86,56,72,84,67,51,66,62,53,59,58,61,53,11,11,7,15,12,2,1,2,1
Choi Jong Hoan,Korea Republic,3,RB,65,178,66,1,29,1,1,3,2,63,63,59,59,60,52,59,65,64,67,55,64,62,58,79,82,78,70,76,73,82,42,45,53,44,54,56,58,46,12,10,6,8,14,1,1,1,1
Choi Jin Ho,Korea Republic,9,ST,65,170,70,1,27,2,1,3,3,58,59,43,33,34,53,65,64,51,59,56,53,53,45,73,72,75,74,84,88,73,63,61,67,56,45,52,67,53,13,10,12,14,14,2,1,2,1
Kim Oh Gyu,Korea Republic,2,CB,65,183,70,1,27,0,2,3,2,43,33,62,59,63,63,67,61,63,65,61,60,63,61,38,59,83,82,62,79,85,64,52,32,44,45,51,44,56,10,7,16,8,12,0,2,0,2
Ko Moo Yeol,Korea Republic,7,LW,65,185,78,0,26,2,0,4,2,69,62,13,16,13,57,67,65,43,61,55,58,56,51,75,75,68,66,56,81,71,65,63,62,60,52,55,61,63,10,12,11,12,10,2,0,2,0
Kim Dong Woo,Korea Republic,2,CB,65,189,87,1,29,0,2,3,2,52,47,64,65,66,67,58,34,58,64,55,42,47,45,59,64,74,74,32,64,70,66,40,44,44,33,33,31,24,14,15,12,10,15,0,2,0,2
Lee Jae Moung,Korea Republic,1,LB,65,182,74,0,25,2,2,3,2,58,59,64,60,61,66,60,56,54,45,55,56,62,57,83,78,87,69,75,61,57,55,20,17,14,39,40,41,21,15,6,12,14,7,2,2,2,2
Kim Keun Hoan,Korea Republic,5,CDM,65,193,86,1,30,1,2,3,2,58,52,63,59,59,63,54,55,65,65,57,37,68,66,64,59,80,83,57,51,61,63,54,48,55,33,35,40,39,1,1,1,1,1,1,2,1,2
Jung Hoon,Korea Republic,5,CDM,65,175,70,1,31,1,2,3,2,58,57,63,59,62,57,68,62,59,65,66,58,67,65,82,78,82,74,78,75,80,61,66,42,46,50,56,57,58,13,7,16,15,11,1,2,1,2
Kim Young Sin,Korea Republic,6,RM,65,175,63,1,31,2,0,4,3,65,63,31,26,28,58,59,45,24,51,50,61,58,51,90,86,80,34,84,78,74,51,60,66,62,55,59,59,48,7,16,8,6,14,2,0,2,0
Lee Ji Nam,Korea Republic,2,CB,65,183,70,1,32,0,2,3,2,44,33,63,62,64,62,64,53,62,59,58,52,57,55,66,63,64,72,62,62,71,70,42,35,37,46,48,48,39,14,7,16,9,9,0,2,0,2
Jung San,Korea Republic,0,GK,65,190,83,1,28,1,1,3,1,18,14,11,19,14,36,56,11,21,28,35,11,36,32,48,40,30,59,52,42,43,11,19,12,10,10,14,25,11,64,64,58,62,70,1,1,1,1
Jeong Hyuk,Korea Republic,5,CDM,65,175,70,1,30,2,1,3,3,65,61,57,55,59,72,65,57,58,68,59,67,68,65,63,75,76,71,75,92,85,44,66,49,66,74,73,57,48,8,9,14,15,8,2,1,2,1
Sim Woo Yeon,Korea Republic,2,CB,65,196,88,1,31,2,2,3,2,57,52,65,56,64,61,57,66,56,54,50,46,56,44,47,32,67,90,34,32,58,78,60,55,37,54,51,59,59,7,12,9,7,9,2,2,2,2
Park Hee Chul,Korea Republic,1,LB,65,178,75,0,31,1,2,3,2,57,57,63,61,65,70,60,56,64,59,54,62,64,64,79,81,68,71,72,81,74,53,58,43,48,52,55,43,51,7,11,16,11,10,1,2,1,2
Park Sung Ho,Korea Republic,9,ST,65,190,85,1,34,2,0,3,2,63,61,30,21,21,52,59,66,55,54,51,45,48,41,49,60,75,88,38,48,72,80,65,60,60,43,41,76,57,11,15,11,13,7,2,0,2,0
Kang Min Soo,Korea Republic,2,CB,65,186,76,1,31,2,2,3,2,62,46,62,64,64,73,56,47,46,47,50,43,56,46,73,70,76,81,66,67,63,74,53,33,31,55,37,32,46,15,11,8,8,14,2,2,2,2
Jang Hak Young,Korea Republic,1,LB,65,170,63,1,35,2,1,4,2,56,48,67,62,64,60,64,58,65,60,50,63,63,62,72,71,72,56,67,73,72,51,47,44,49,54,51,61,34,13,8,11,8,14,2,1,2,1
Hwang Ki Wook,Korea Republic,2,CB,64,184,79,1,20,1,2,2,2,47,38,64,63,64,67,59,20,62,58,59,25,64,61,59,61,69,74,57,50,67,58,55,20,56,22,21,33,20,7,10,12,13,11,1,2,1,2
Lee Dong Soo,Korea Republic,5,CDM,64,185,72,1,22,1,1,3,2,67,44,70,55,58,52,66,32,62,68,35,36,65,57,60,55,75,60,60,53,59,52,42,31,41,39,30,37,33,13,14,14,11,8,1,1,1,1
Park Jeong Su,Korea Republic,2,CB,64,188,76,1,22,1,2,3,2,46,45,65,63,62,67,57,44,62,34,42,31,62,58,70,65,67,76,47,58,59,59,23,23,20,28,31,39,20,14,11,8,9,6,1,2,1,2
Oh Jae Suk,Korea Republic,3,RB,64,178,74,1,27,1,1,3,2,58,51,66,73,74,49,65,42,61,31,31,56,57,33,58,60,57,74,62,67,58,61,37,31,35,31,32,34,31,13,8,14,5,10,1,1,1,1
Ko Tae Won,Korea Republic,2,CB,64,187,80,1,23,1,2,3,2,41,34,63,62,64,63,60,31,63,26,47,26,57,52,65,62,68,73,65,60,63,65,31,33,20,25,22,30,23,7,10,7,13,12,1,2,1,2
Seo Bo Min,Korea Republic,6,RM,64,177,69,1,26,1,1,3,2,61,63,21,29,34,55,57,68,35,53,41,58,59,47,85,83,66,52,72,63,49,33,59,59,64,42,35,52,49,11,11,7,10,13,1,1,1,1
Yoon Seung Won,Korea Republic,8,RW,64,186,74,0,22,2,1,4,3,64,65,11,17,13,56,63,67,23,57,46,58,62,49,72,73,73,71,66,70,64,58,58,58,55,59,28,58,55,6,8,8,12,11,2,1,2,1
Lee Myung Jae,Korea Republic,1,LB,64,181,75,0,23,2,1,3,2,63,67,64,65,65,69,59,49,55,57,50,71,60,53,70,64,64,55,70,71,60,54,45,39,42,29,28,32,21,15,13,14,6,16,2,1,2,1
Kyoung Rok Choi,Korea Republic,9,CF,64,176,71,1,22,1,1,5,3,68,70,27,26,28,35,64,64,22,49,51,51,58,48,78,75,61,48,79,81,70,48,52,64,57,49,41,51,57,7,11,6,13,13,1,1,1,1
Bae Cheon Seok,Korea Republic,9,ST,64,189,79,1,26,2,0,3,2,61,58,22,22,19,50,57,68,22,43,45,21,54,25,62,68,73,77,48,57,68,72,60,62,58,27,24,53,53,14,10,11,10,7,2,0,2,0
Bae Seul Gi,Korea Republic,2,CB,64,183,79,1,31,0,2,3,2,45,45,67,62,65,65,59,30,60,42,50,28,29,26,54,44,58,76,69,36,75,70,36,17,18,29,27,37,25,12,12,10,7,12,0,2,0,2
Baek Sung Dong,Korea Republic,5,CAM,64,171,67,1,25,2,1,4,3,62,66,32,32,37,24,63,55,56,66,60,59,62,61,76,73,67,58,76,70,68,46,60,58,57,57,58,62,58,11,7,11,13,12,2,1,2,1
An Sang Hyun,Korea Republic,5,CDM,64,180,75,1,31,2,1,3,2,62,61,61,61,51,60,63,58,67,68,62,58,63,66,67,58,76,61,69,72,54,51,46,33,45,67,62,61,56,14,6,8,12,8,2,1,2,1
Lee Seung Hee,Korea Republic,5,CDM,64,183,85,1,28,1,1,3,2,63,63,66,71,69,56,62,53,65,54,60,43,57,56,56,59,68,83,53,68,62,45,35,43,65,43,64,56,33,16,14,8,7,14,1,1,1,1
Yang Jun A,Korea Republic,5,CDM,64,188,81,0,27,1,1,3,3,62,60,60,63,62,54,65,61,66,57,60,59,63,56,67,75,76,71,59,66,70,63,63,51,68,65,71,50,50,11,6,9,9,12,1,1,1,1
Jeong Jun Yeon,Korea Republic,2,CB,64,178,70,1,27,1,1,3,2,47,45,64,65,69,46,58,65,68,47,50,59,65,64,67,71,85,74,78,69,79,47,41,36,45,31,34,27,31,9,12,7,15,16,1,1,1,1
Lee Yong Rae,Korea Republic,5,CDM,64,175,71,0,30,1,1,3,3,62,61,57,51,57,68,63,59,58,63,60,63,67,65,68,70,77,76,77,73,84,56,69,44,63,71,69,62,60,9,15,7,16,10,1,1,1,1
Yoo Hyun,Korea Republic,0,GK,64,184,82,1,32,1,1,3,1,33,12,16,19,21,27,64,14,12,63,45,13,45,43,54,57,30,30,59,56,54,11,23,11,11,11,13,26,15,65,67,74,55,62,1,1,1,1
Park Jong Jin,Korea Republic,6,RM,64,179,74,1,29,1,1,1,3,56,58,49,48,49,38,67,62,66,52,55,58,59,58,90,78,80,71,70,74,76,56,56,56,48,48,58,59,48,13,9,10,16,15,1,1,1,1
An Jae Jun,Korea Republic,2,CB,64,186,79,1,31,0,2,2,2,44,45,62,66,69,66,61,41,56,48,42,41,43,45,52,63,71,74,53,68,65,70,25,23,21,39,39,57,17,11,9,9,9,16,0,2,0,2
Kim Dong Suk,Korea Republic,5,CM,64,174,68,1,30,2,0,3,3,66,65,27,26,48,49,58,56,57,66,57,61,67,62,69,80,63,53,91,91,61,34,68,60,66,62,63,62,61,16,15,15,14,16,2,0,2,0
Hwang Ji Soo,Korea Republic,5,CDM,64,175,72,1,36,1,2,3,2,59,63,62,52,60,62,56,67,64,73,65,57,65,59,63,70,72,81,82,68,72,69,65,31,62,46,35,63,55,13,15,12,12,14,1,2,1,2
Kim Chi Gon,Korea Republic,2,CB,64,183,76,0,33,1,1,4,2,44,39,69,64,67,65,58,34,56,42,66,51,59,52,34,33,72,76,58,51,58,63,43,37,38,35,21,46,35,8,12,8,11,8,1,1,1,1
Kim Min Jae,Korea Republic,2,CB,63,190,78,1,20,1,2,2,2,42,36,60,62,59,70,55,32,64,54,35,26,53,42,60,55,57,73,60,41,76,60,31,23,16,21,23,30,24,14,13,11,7,11,1,2,1,2
Kim Jin Ya,Korea Republic,8,RW,63,177,63,1,18,1,1,4,2,62,63,37,38,33,54,62,57,23,55,57,62,59,47,83,87,67,53,74,86,47,43,55,54,48,49,53,49,53,6,11,12,13,11,1,1,1,1
Lim Min Hyuk,Korea Republic,5,CAM,64,168,55,1,20,2,1,3,3,62,61,30,27,28,52,58,61,41,68,55,57,64,57,71,74,66,52,72,67,42,40,55,58,55,42,44,45,48,11,11,10,7,5,2,1,2,1
Seol Tae Soo,Korea Republic,5,CAM,63,172,60,1,22,2,1,3,3,65,65,33,40,40,46,58,67,28,54,55,55,67,61,60,76,57,53,76,46,56,50,60,65,45,44,36,47,42,14,5,6,7,7,2,1,2,1
Kim Geon Woong,Korea Republic,5,CDM,63,186,78,1,19,1,2,3,2,62,62,60,54,60,62,61,59,59,62,52,36,68,64,62,67,61,68,64,60,57,54,60,38,57,34,39,44,33,13,14,15,12,6,1,2,1,2
Moon Seon Min,Korea Republic,6,RM,63,171,70,1,24,1,1,3,3,62,69,20,27,22,28,50,59,24,55,52,53,59,53,85,75,70,51,84,88,73,31,48,55,51,61,49,52,51,9,8,7,14,11,1,1,1,1
Lee Yeong Jae,Korea Republic,5,CM,63,174,60,0,22,1,1,3,3,64,63,42,50,47,62,65,54,40,63,60,42,69,66,64,67,73,60,82,60,57,44,56,45,53,55,59,48,39,11,16,10,15,8,1,1,1,1
Jang Yun Ho,Korea Republic,5,CM,63,178,68,1,20,2,1,3,3,62,64,38,44,57,65,57,36,63,67,60,46,71,62,56,62,60,59,75,65,56,36,54,53,55,59,61,56,36,13,7,15,12,7,2,1,2,1
Kim Min Hyeok,Korea Republic,5,CM,63,182,65,1,24,2,1,4,3,63,60,14,19,33,68,63,64,31,67,65,42,73,64,64,61,76,66,70,68,60,55,60,59,54,53,43,60,61,8,8,11,14,7,2,1,2,1
Song Seung Min,Korea Republic,7,LW,63,187,77,1,25,2,1,4,2,64,64,42,44,46,70,64,64,51,62,54,59,58,55,72,70,69,73,63,68,62,64,62,62,55,54,58,65,53,11,11,7,9,8,2,1,2,1
Jo Seong Joon,Korea Republic,7,LW,63,176,67,0,26,2,0,4,2,64,68,28,37,31,53,53,56,17,52,45,54,58,58,88,80,60,52,78,80,70,34,56,55,49,41,32,50,45,7,15,15,8,12,2,0,2,0
Lee Sang Hyeob,Korea Republic,5,CM,63,177,63,0,27,2,0,2,3,57,59,46,51,50,45,68,68,52,64,50,64,65,58,52,70,78,63,77,75,58,49,65,62,52,55,63,50,49,7,11,7,15,8,2,0,2,0
Kim Dae Gyeong,Korea Republic,6,RM,63,179,70,1,25,2,1,4,3,63,64,55,56,57,40,56,65,55,57,45,62,64,45,71,72,67,59,75,75,47,39,63,56,54,43,36,52,40,14,11,13,6,9,2,1,2,1
Lee Seok Hyun,Korea Republic,5,CM,65,177,68,1,26,2,0,4,3,65,62,12,13,18,38,63,67,53,69,54,60,70,67,73,71,72,61,69,72,59,55,66,58,67,67,69,63,52,12,7,7,13,9,2,0,2,0
Lee Han Saim,Korea Republic,2,CB,63,185,80,1,27,0,2,3,2,58,55,60,58,59,70,56,65,58,67,64,52,69,58,61,52,62,71,52,41,72,63,33,30,50,30,22,57,30,15,7,16,8,7,0,2,0,2
Lee Hyo Gyun,Korea Republic,9,ST,63,185,80,1,29,1,1,3,3,58,61,18,17,23,46,57,68,18,52,43,26,55,39,60,60,74,77,56,66,57,66,63,61,44,27,29,59,52,7,12,12,16,12,1,1,1,1
Park Sun Yong,Korea Republic,3,RB,63,173,67,1,28,1,2,3,2,55,58,64,57,63,65,65,57,54,55,33,62,63,56,65,63,80,62,84,67,70,63,22,31,40,63,59,57,30,15,9,15,15,9,1,2,1,2
Kim Dong Hee,Korea Republic,4,LM,63,169,65,1,27,2,0,3,3,58,64,37,27,32,51,66,56,57,49,41,61,62,57,87,80,55,50,90,84,47,33,61,54,52,53,50,59,56,12,13,10,13,12,2,0,2,0
Ko Cha Won,Korea Republic,6,RM,63,169,69,1,30,1,2,3,3,66,66,33,33,42,73,56,65,40,50,56,62,45,43,81,80,74,67,88,82,81,68,62,61,62,43,46,45,60,16,13,15,15,16,1,2,1,2
Jo Jae Cheol,Korea Republic,5,CM,63,178,64,1,30,1,2,3,3,67,61,53,55,54,61,60,56,61,61,67,55,62,62,66,72,75,60,85,67,72,52,67,62,61,64,66,66,42,15,10,6,10,14,1,2,1,2
Yu Ji No,Korea Republic,3,RB,63,178,72,0,27,1,1,4,3,60,58,59,59,62,49,55,64,67,49,50,47,59,57,78,75,76,54,78,83,62,54,41,41,31,47,34,36,42,7,14,13,11,14,1,1,1,1
Kim Ho Jun,Korea Republic,0,GK,63,190,89,1,32,1,1,3,1,15,16,10,14,10,21,59,11,24,10,41,10,31,32,54,51,23,68,56,53,50,13,12,13,12,11,14,17,10,63,64,65,61,62,1,1,1,1
Seo Dong Hyeon,Korea Republic,9,ST,63,188,70,1,31,2,1,3,3,64,54,35,31,35,53,56,70,32,53,47,48,65,49,71,62,69,54,56,69,64,63,64,62,55,48,55,61,57,11,6,10,8,9,2,1,2,1
Kim Tae Youn,Korea Republic,2,CB,63,181,76,1,30,1,2,3,2,50,44,58,60,72,51,63,56,54,45,66,54,66,57,39,40,60,82,66,68,67,58,35,44,38,33,48,37,34,13,9,6,11,10,1,2,1,2
Kim Hyeon Ug,Korea Republic,5,CAM,62,162,61,0,21,2,2,3,3,64,67,40,30,32,47,67,60,43,62,37,52,56,55,72,74,70,33,89,79,68,27,55,40,57,58,62,38,29,15,12,14,13,9,2,2,2,2
Gwon Han Jin,Korea Republic,2,CB,62,187,77,1,28,0,1,2,2,55,48,61,63,62,52,55,34,64,42,50,40,56,58,54,61,60,68,60,50,73,59,36,43,37,22,25,33,31,7,9,8,14,6,0,1,0,1
Kim Hyun Hun,Korea Republic,2,CB,62,184,77,1,25,1,1,3,2,44,33,56,58,61,64,62,22,57,22,60,26,42,32,73,70,64,78,54,58,83,64,43,19,18,18,24,29,24,9,14,8,8,11,1,1,1,1
Kim Min Je,Korea Republic,1,LB,62,170,68,0,27,1,1,2,2,56,53,63,58,61,52,57,50,58,51,50,65,59,57,68,65,65,67,60,64,56,55,45,42,41,63,60,54,39,10,12,12,13,9,1,1,1,1
Lee Ji Min,Korea Republic,1,LB,62,173,74,0,23,1,1,4,2,54,64,63,62,63,58,57,59,49,33,45,63,60,33,71,66,81,79,63,65,62,40,24,23,26,34,33,28,26,10,8,16,15,10,1,1,1,1
Lee Tae Hee,Korea Republic,3,RB,62,183,75,1,24,2,1,3,2,51,57,57,63,61,60,52,62,59,47,40,53,59,57,73,70,73,59,75,63,63,62,48,35,35,34,28,35,24,13,13,8,10,13,2,1,2,1
Kim Sang Won,Korea Republic,1,LB,62,176,69,0,25,2,1,3,3,56,53,65,57,60,59,69,60,51,56,55,45,67,60,77,77,68,53,79,75,63,51,45,52,53,49,38,47,49,14,9,12,11,15,2,1,2,1
Kim Yeong Bin,Korea Republic,2,CB,62,181,74,1,25,0,2,3,2,40,24,64,58,62,52,52,48,64,35,55,22,42,27,56,57,74,78,61,58,70,68,32,18,21,23,25,38,24,7,6,7,12,10,0,2,0,2
Yun Sang Ho,Korea Republic,5,CM,62,179,64,0,24,2,2,3,3,63,59,35,38,41,63,56,58,39,62,57,52,67,64,40,55,75,61,76,67,62,43,56,52,58,45,42,49,50,7,15,10,7,11,2,2,2,2
Lee Chan Dong,Korea Republic,5,CM,62,183,80,1,24,1,2,3,2,63,59,62,58,60,78,57,51,60,59,55,46,65,64,60,53,76,76,64,61,71,58,59,45,59,58,60,53,53,13,9,8,10,12,1,2,1,2
Kwon Yong Hyun,Korea Republic,8,RW,62,170,70,1,25,2,0,4,2,56,58,23,25,29,40,53,70,22,46,57,63,65,53,86,83,62,42,88,82,68,41,48,54,42,43,34,53,38,12,9,13,15,12,2,0,2,0
Lee Woo Hyeok,Korea Republic,5,CM,62,185,78,0,24,1,1,3,2,57,58,58,44,48,60,61,62,56,61,52,57,68,58,68,73,75,65,61,82,67,60,49,33,63,34,53,45,28,7,8,11,15,13,1,1,1,1
Moon Sang Yun,Korea Republic,4,LM,62,178,71,0,26,1,1,3,3,63,61,57,35,56,64,61,59,60,64,60,62,64,61,62,67,63,67,76,77,39,55,59,46,52,69,67,67,43,13,8,14,10,11,1,1,1,1
Hwang Soon Min,Korea Republic,5,CAM,62,178,69,0,26,2,1,3,2,57,63,45,44,40,44,55,67,62,63,55,52,63,57,57,79,64,58,79,76,77,56,50,58,43,47,52,57,46,9,12,16,8,9,2,1,2,1
Oh Ban Seok,Korea Republic,2,CB,62,189,81,1,28,0,2,3,2,29,24,60,59,64,63,55,22,58,33,45,26,29,26,48,39,61,84,41,68,75,68,34,21,16,29,28,35,30,14,9,12,10,7,0,2,0,2
Im Ha Ram,Korea Republic,2,CB,62,186,87,1,26,0,2,3,2,40,34,59,62,63,66,52,36,54,33,47,42,55,50,70,72,78,80,69,66,58,61,36,35,33,33,36,34,31,8,9,8,11,12,0,2,0,2
Song Chang Ho,Korea Republic,5,CDM,62,180,76,1,31,2,2,3,3,51,54,56,49,52,56,67,57,68,55,49,63,66,62,78,80,80,62,65,75,76,51,68,62,68,55,62,63,62,13,13,11,15,8,2,2,2,2
Hwang Jae Hun,Korea Republic,1,LB,62,178,71,0,26,1,1,3,3,60,62,62,56,62,54,60,56,58,47,46,60,60,58,62,68,77,73,83,78,76,55,55,45,60,56,41,46,44,13,13,16,7,15,1,1,1,1
Cho Dong Gun,Korea Republic,9,ST,62,180,75,1,30,1,1,3,3,60,60,12,16,21,56,63,65,34,63,55,50,56,55,76,78,70,70,71,50,73,63,59,52,46,47,37,66,60,8,9,16,11,16,1,1,1,1
Myung Sung Joon,Korea Republic,3,RB,61,177,67,1,19,2,1,3,2,53,55,59,59,60,58,62,61,59,59,50,57,57,52,74,73,62,53,74,69,57,42,38,24,36,34,31,33,23,11,8,6,9,7,2,1,2,1
Kim Bo Seop,Korea Republic,7,LW,61,183,73,1,19,1,1,3,2,59,63,17,19,13,63,59,62,18,57,60,49,53,30,76,77,59,65,62,73,61,59,55,64,50,43,34,55,40,9,12,5,9,14,1,1,1,1
Seo Young Jae,Korea Republic,1,LB,61,182,75,0,21,1,1,3,2,46,63,60,68,67,54,59,49,60,37,39,60,40,34,67,66,65,54,61,54,65,44,35,31,29,39,36,44,32,12,10,15,8,8,1,1,1,1
Kim Jin Rae,Korea Republic,1,LB,61,174,61,0,19,0,1,2,2,57,54,57,57,57,58,61,48,57,58,50,61,57,57,74,72,59,55,72,69,35,53,59,38,47,50,55,34,30,13,14,10,9,6,0,1,0,1
Park Dong Jin,Korea Republic,3,RB,61,182,72,1,22,0,2,3,2,48,42,65,59,60,66,63,28,62,28,46,48,54,48,66,62,67,68,62,66,66,63,46,26,38,27,28,31,21,8,8,11,11,14,0,2,0,2
Moon Jun Ho,Korea Republic,4,LM,61,173,67,0,23,1,1,3,3,53,63,23,34,32,62,57,60,27,58,50,58,57,54,81,79,60,44,82,58,38,30,49,43,48,35,35,46,35,13,6,10,8,7,1,1,1,1
Bae Sin Yeong,Korea Republic,5,CM,61,180,69,1,24,1,1,3,2,60,56,55,27,54,55,62,56,51,62,45,50,66,63,55,60,63,81,70,61,85,59,44,35,44,36,35,39,29,15,12,12,12,16,1,1,1,1
Lee In Soo,Korea Republic,0,GK,61,191,76,1,23,1,1,3,1,20,19,19,15,11,17,60,13,18,53,26,15,29,24,45,45,40,50,49,33,58,16,17,11,14,15,14,22,13,56,63,58,61,60,1,1,1,1
Baek Dong Gyu,Korea Republic,2,CB,61,184,79,1,25,1,2,3,2,43,45,59,61,63,55,54,52,56,50,50,29,53,54,46,60,77,70,66,43,77,61,39,38,25,21,23,29,35,11,11,13,14,8,1,2,1,2
Je Jong Hyeon,Korea Republic,0,GK,61,191,87,1,25,1,1,2,1,16,18,13,15,18,21,53,13,19,53,29,11,29,25,48,40,28,81,42,34,40,12,24,19,19,19,15,16,11,66,61,58,60,59,1,1,1,1
Kim Gyeong Min,Korea Republic,5,CDM,61,185,80,1,26,0,2,3,2,49,37,60,58,63,66,53,23,57,57,40,22,65,60,51,33,69,77,63,73,75,49,38,20,32,23,30,37,22,11,10,11,12,11,0,2,0,2
Kim Jun Su,Korea Republic,2,CB,61,185,78,1,25,0,2,4,2,55,57,60,60,62,68,55,30,58,30,40,62,55,38,72,72,57,65,63,66,77,46,36,17,22,26,23,40,27,9,11,8,8,7,0,2,0,2
Jung Bin Park,Korea Republic,9,ST,61,177,74,1,23,1,1,5,4,65,59,35,39,42,35,55,61,26,58,58,62,60,53,73,84,62,43,73,76,52,47,65,59,52,57,60,63,56,8,13,13,7,8,1,1,1,1
Lee Jun Ho,Korea Republic,3,RB,61,180,75,1,28,1,2,2,2,54,56,63,59,60,62,58,44,55,34,33,62,54,50,69,70,68,60,64,68,71,56,24,27,23,42,33,31,22,15,16,9,8,15,1,2,1,2
Park Se Jik,Korea Republic,5,CM,61,178,79,1,27,1,0,4,3,60,61,39,35,36,54,56,63,48,65,45,60,65,62,73,75,69,66,68,68,52,54,70,53,57,52,61,52,41,15,12,14,9,8,1,0,1,0
Kim Keun Bae,Korea Republic,0,GK,61,187,79,1,30,1,1,3,1,15,12,12,12,14,31,51,12,24,32,43,12,32,33,40,44,45,60,56,42,53,11,23,11,13,10,13,12,11,58,63,60,59,63,1,1,1,1
Kim Han Gil,Korea Republic,7,LW,60,178,65,0,21,2,0,3,2,62,63,18,20,21,54,53,64,20,53,44,57,48,31,74,75,67,57,70,65,40,53,59,58,41,38,30,50,43,7,13,9,13,11,2,0,2,0
Jang Cheol Yong,Korea Republic,3,RB,60,174,65,1,21,2,2,4,2,54,57,49,58,50,68,62,47,53,60,35,66,57,58,74,73,69,41,57,72,30,44,69,41,64,64,28,35,40,10,7,11,12,5,2,2,2,2
Jang Seong Jae,Korea Republic,5,CAM,60,180,72,1,21,2,1,3,2,60,58,35,32,29,33,46,59,32,60,43,59,65,60,62,57,80,54,76,56,64,46,60,60,58,58,60,57,51,9,7,8,5,7,2,1,2,1
Hong Joon Ho,Korea Republic,2,CB,60,190,77,1,23,0,2,3,2,44,42,60,61,64,52,49,25,58,31,40,44,52,50,60,62,62,66,62,58,56,62,46,36,48,25,28,34,27,7,13,14,6,9,0,2,0,2
Jeong Dong Yun,Korea Republic,3,RB,60,174,62,0,22,1,2,4,2,55,41,57,58,61,48,59,50,53,44,46,63,60,57,64,65,66,68,58,62,55,44,35,27,26,44,48,52,23,6,14,8,13,14,1,2,1,2
Woo Chan Yang,Korea Republic,1,LB,60,181,66,0,19,1,1,4,2,55,57,58,56,59,58,54,48,58,38,35,59,58,52,73,71,54,58,62,65,56,57,29,25,34,34,28,35,28,14,7,14,7,5,1,1,1,1
Jang Dae Hee,Korea Republic,0,GK,60,188,77,1,22,1,1,3,1,23,11,16,11,17,20,56,20,21,37,55,14,27,23,40,40,21,61,53,39,53,16,18,16,19,12,19,18,12,57,63,56,60,59,1,1,1,1
Kim Seon Woo,Korea Republic,5,CDM,60,174,62,1,23,1,1,3,2,48,45,47,52,54,51,55,29,57,63,40,36,66,61,61,53,91,71,82,65,66,41,64,48,50,56,55,39,38,11,7,16,10,12,1,1,1,1
Yu Cheong Yun,Korea Republic,2,CB,60,184,76,1,24,1,2,3,2,43,39,62,59,63,38,62,52,59,42,60,16,48,49,38,60,56,66,59,61,77,60,39,20,22,30,25,37,24,8,8,12,13,9,1,2,1,2
Im Seong Teak,Korea Republic,6,RM,60,178,72,1,28,2,1,3,2,58,65,34,39,35,56,54,60,29,48,60,59,58,46,73,75,58,51,63,64,73,32,48,45,36,41,36,49,44,12,13,15,14,10,2,1,2,1
Jeong Jae Yong,Korea Republic,5,CDM,60,188,78,1,26,2,1,3,2,52,49,53,55,56,62,54,65,57,62,59,58,57,59,68,47,82,78,52,72,73,59,42,36,27,33,40,39,27,13,15,6,16,10,2,1,2,1
Kim Young Chan,Korea Republic,2,CB,60,189,80,1,23,0,2,3,2,42,37,59,56,60,59,53,21,50,30,45,35,45,37,78,66,57,74,40,67,77,62,40,19,16,22,29,31,24,8,9,13,8,10,0,2,0,2
Yang Han Been,Korea Republic,0,GK,60,194,85,1,25,1,1,3,1,25,14,14,19,13,12,52,14,26,36,42,13,36,32,42,44,47,68,55,32,60,13,23,10,14,11,14,19,9,58,66,58,59,58,1,1,1,1
Yoon Dong Min,Korea Republic,9,ST,60,176,72,1,28,2,1,3,2,58,57,44,34,35,42,67,70,31,63,52,65,35,45,62,66,81,62,74,85,58,33,60,70,50,44,56,52,51,7,14,16,7,9,2,1,2,1
Park Dae Han,Korea Republic,0,GK,59,183,77,1,20,1,1,3,1,12,8,6,13,14,16,58,5,7,40,37,11,17,27,42,42,30,52,42,46,58,11,20,8,5,14,14,10,8,52,64,55,54,64,1,1,1,1
Yun Tae Soo,Korea Republic,7,LW,59,178,70,1,23,2,1,3,2,60,57,19,12,14,35,54,66,17,43,45,64,56,31,62,68,64,47,72,62,67,58,59,58,55,32,28,61,41,5,13,14,7,10,2,1,2,1
Lee Min Gi,Korea Republic,1,LB,59,177,66,0,23,1,2,4,2,56,54,58,58,58,49,54,40,52,46,42,54,60,56,72,74,66,58,60,66,60,43,34,26,28,42,42,38,23,12,10,12,15,10,1,2,1,2
Lee Sang Wook,Korea Republic,0,GK,59,190,89,1,27,1,1,3,1,20,13,16,11,16,19,51,20,19,20,30,18,29,19,41,42,15,82,43,50,58,11,25,14,18,12,17,24,20,59,62,58,58,58,1,1,1,1
Lee Kwang Jin,Korea Republic,5,CM,59,179,66,1,25,1,1,4,2,63,59,52,52,53,56,57,57,56,57,62,53,59,56,79,85,59,49,63,77,74,53,56,51,53,53,56,63,60,10,9,13,9,7,1,1,1,1
Kim Chul Ho,Korea Republic,5,CDM,59,177,68,1,33,1,2,2,2,50,47,60,57,61,52,56,53,57,55,68,60,63,58,73,71,63,65,66,56,66,46,53,42,48,50,51,47,44,16,14,14,15,16,1,2,1,2
Lee Sang Ki,Korea Republic,8,RW,58,179,74,1,20,2,0,3,2,51,55,58,50,52,67,63,52,45,60,62,57,54,53,76,75,72,72,73,73,58,36,64,53,59,41,30,59,52,6,5,6,8,14,2,0,2,0
Yoo Seung Min,Korea Republic,7,LW,58,180,60,1,18,2,1,3,2,49,53,21,28,29,42,61,50,21,49,53,58,53,51,72,77,58,50,62,73,42,38,68,63,60,65,64,55,52,6,5,15,14,14,2,1,2,1
Jo Ju Young,Korea Republic,9,ST,58,186,80,1,23,2,0,3,3,54,52,21,20,22,48,50,55,29,40,45,37,54,50,64,64,58,62,58,54,62,60,58,58,56,33,35,44,44,14,11,14,8,14,2,0,2,0
Han Ji Won,Korea Republic,5,CDM,58,187,77,1,22,1,1,3,2,63,58,59,52,56,57,52,33,54,44,45,41,62,58,59,59,52,61,53,56,65,40,62,54,65,38,52,36,33,5,14,6,13,11,1,1,1,1
Kim Gyeong Jae,Korea Republic,2,CB,58,183,73,1,23,0,2,3,2,42,33,65,55,60,58,53,23,58,28,50,25,26,28,64,70,62,63,66,70,74,55,35,23,19,29,25,39,22,11,9,8,13,10,0,2,0,2
Choi Bong Jin,Korea Republic,0,GK,58,193,83,1,24,1,1,3,1,24,14,15,15,18,30,48,14,23,59,41,17,46,42,46,49,35,73,42,42,54,15,25,11,15,17,16,19,15,66,54,66,57,54,1,1,1,1
Joo Hyeon Woo,Korea Republic,7,LW,58,174,71,0,26,2,1,4,2,56,61,34,37,35,42,56,46,38,55,51,45,61,58,73,72,74,58,82,72,63,37,59,58,54,45,39,45,43,8,12,11,10,6,2,1,2,1
Park Seon Hong,Korea Republic,5,CAM,58,178,68,1,23,2,0,3,3,50,46,36,34,37,63,56,52,36,63,56,53,67,59,58,65,65,63,71,60,68,50,65,53,63,69,71,62,52,6,15,11,9,7,2,0,2,0
Yeom Yu Shin,Korea Republic,5,CDM,58,183,68,1,24,0,2,3,2,57,55,55,49,55,59,54,33,54,48,40,45,58,58,33,43,71,69,60,63,71,61,44,38,43,34,40,34,29,10,12,11,11,6,0,2,0,2
Kim Hyuk Jin,Korea Republic,4,LM,58,176,70,0,26,1,1,3,2,59,56,30,33,32,57,53,49,18,52,50,59,55,50,75,73,54,46,77,65,45,38,47,43,46,40,31,50,38,11,13,13,16,8,1,1,1,1
Kim Chol Ho,Korea Republic,0,GK,58,189,82,1,21,1,1,3,1,19,18,12,11,19,24,55,14,24,55,48,15,27,20,25,48,16,20,46,34,52,20,19,18,12,11,16,19,13,56,58,55,57,59,1,1,1,1
Bae Seung Jin,Korea Republic,5,CDM,58,182,75,1,29,1,2,3,2,57,56,60,62,65,40,53,30,60,47,47,21,53,52,56,67,66,69,63,63,75,58,29,24,37,29,27,39,23,11,10,15,10,13,1,2,1,2
Park Chung Hyo,Korea Republic,0,GK,58,188,78,1,27,1,1,3,1,25,20,19,14,18,25,47,15,22,50,24,20,27,17,44,48,24,63,52,30,50,12,22,16,13,18,14,24,17,58,60,57,57,58,1,1,1,1
Kim Kyo Bin,Korea Republic,0,GK,58,193,87,1,29,1,1,3,1,25,14,13,9,13,36,52,12,26,25,33,15,39,13,33,25,33,69,42,53,64,13,19,13,13,13,14,18,14,56,54,58,59,60,1,1,1,1
Park Yi-Young,Korea Republic,5,CDM,57,186,78,0,22,1,1,4,2,60,57,56,58,60,49,52,38,53,47,42,51,56,55,60,67,59,64,65,71,65,46,35,30,33,37,24,34,28,11,15,7,11,11,1,1,1,1
Choi Myeong Jin,Korea Republic,5,CAM,57,178,70,0,22,2,0,3,3,55,60,32,42,32,44,52,56,22,46,60,47,60,64,59,69,49,52,72,71,55,40,53,56,40,44,43,52,40,10,13,12,7,13,2,0,2,0
Yoo Dong Gon,Korea Republic,2,CB,57,187,72,1,24,0,1,3,2,33,32,58,60,60,62,52,27,60,26,45,45,48,33,59,62,56,57,61,45,64,44,34,15,31,28,20,31,21,6,11,6,13,9,0,1,0,1
Lee Han Do,Korea Republic,2,CB,57,185,80,1,23,0,2,2,2,45,46,58,54,56,60,52,34,52,39,40,38,55,46,58,58,58,64,54,60,52,58,39,32,31,36,34,45,33,14,9,12,7,5,0,2,0,2
Yu In Soo,Korea Republic,5,CAM,57,177,69,1,22,1,1,3,3,61,60,41,40,38,47,49,55,43,51,52,48,50,52,74,71,61,60,66,56,67,41,54,56,56,46,47,49,48,9,15,12,6,7,1,1,1,1
Kim Jong Min,Korea Republic,9,ST,57,188,76,1,24,1,1,3,2,52,45,16,12,14,37,57,60,17,48,52,33,41,25,44,47,58,70,65,71,66,64,56,60,49,32,28,58,45,9,11,14,8,7,1,1,1,1
Kim Boo Gwan,Korea Republic,8,RW,57,172,60,1,26,1,1,4,3,63,60,49,45,47,56,49,60,55,47,40,60,57,52,58,51,50,48,59,56,47,50,53,56,42,52,32,51,54,16,16,15,15,7,1,1,1,1
Jeong YeongChong,Korea Republic,5,CAM,57,180,70,1,24,2,1,3,3,52,57,38,50,39,43,52,57,24,56,51,53,64,56,59,49,71,51,71,61,61,55,56,55,44,46,36,50,48,7,14,6,14,12,2,1,2,1
Gwon Jin Yeong,Korea Republic,3,RB,57,180,72,1,25,1,2,3,2,56,57,66,59,65,66,56,56,51,46,40,47,31,26,66,73,52,53,71,62,62,53,29,26,29,28,31,31,22,11,6,14,14,15,1,2,1,2
Yang Dong Won,Korea Republic,0,GK,57,188,82,1,30,1,1,2,1,13,12,13,17,18,28,51,16,22,10,70,13,26,14,65,60,25,60,52,66,73,14,19,15,18,13,14,16,13,59,54,62,53,59,1,1,1,1
Lee You Hyeon,Korea Republic,3,RB,56,179,72,1,20,2,2,4,2,58,58,56,54,56,45,54,52,48,34,38,56,52,52,68,64,61,54,68,54,58,38,34,38,36,50,56,38,32,6,6,9,9,13,2,2,2,2
Lim Min Hyeok,Korea Republic,0,GK,56,186,79,1,23,1,1,2,1,11,10,7,14,11,19,56,8,9,30,36,11,17,21,20,36,19,48,40,34,48,14,20,7,5,10,13,15,5,54,54,54,52,58,1,1,1,1
Lee Myeong Geon,Korea Republic,5,CDM,56,188,85,0,22,2,1,2,2,60,62,47,52,41,53,53,56,48,64,60,61,62,63,48,53,60,74,55,50,73,61,62,47,57,59,60,41,41,8,6,6,7,13,2,1,2,1
Park Tae Hwan,Korea Republic,2,CB,56,186,80,1,19,0,1,2,2,38,32,53,55,54,54,51,25,47,22,57,32,50,46,75,79,65,82,45,58,59,51,34,27,29,25,27,30,23,8,11,10,6,8,0,1,0,1
Kim Si Woo,Korea Republic,5,CM,56,179,70,1,19,2,0,2,2,60,57,26,27,24,35,59,55,56,47,55,25,62,54,66,64,65,56,57,64,41,46,55,46,50,45,26,51,44,14,6,7,12,8,2,0,2,0
Lee Rae Joon,Korea Republic,5,CDM,56,192,72,1,20,1,2,3,2,55,56,55,55,55,58,50,38,55,43,40,45,57,50,60,61,65,73,61,62,71,59,56,30,42,35,39,38,34,6,15,8,7,6,1,2,1,2
Kim Tae Ho,Korea Republic,0,GK,56,186,81,1,24,1,1,3,1,22,16,15,20,19,26,56,18,16,48,32,20,24,26,36,48,21,61,54,32,54,18,22,14,16,13,14,24,11,55,58,54,47,59,1,1,1,1
Hong Jung Nam,Korea Republic,0,GK,56,186,79,1,28,1,1,3,1,21,14,11,15,15,20,62,17,22,52,12,9,26,31,35,36,23,60,62,48,51,12,13,15,12,14,11,18,14,53,58,58,54,49,1,1,1,1
Hwang In Hyeok,Korea Republic,2,CB,55,190,76,1,21,0,2,3,2,30,24,54,48,56,58,42,26,48,32,38,20,38,28,57,55,62,72,52,45,66,60,42,24,33,30,26,38,30,13,15,14,8,7,0,2,0,2
Lee Soon Min,Korea Republic,1,LB,55,177,70,0,22,2,2,3,2,52,54,52,52,56,40,48,48,50,38,44,56,54,52,67,60,62,50,66,52,56,40,34,34,36,50,48,32,30,5,9,12,6,7,2,2,2,2
Choe Jae Hyeon,Korea Republic,1,LB,55,184,77,0,22,1,2,3,2,50,52,58,54,58,46,46,44,52,38,38,50,52,48,64,60,62,62,58,59,57,48,46,34,42,46,40,38,38,9,6,5,13,13,1,2,1,2
Kim Seong Hyun,Korea Republic,2,CB,55,186,78,1,23,0,2,2,2,43,38,56,54,52,57,50,31,53,32,43,35,53,49,54,49,62,63,48,53,50,55,32,33,36,31,32,34,30,14,9,15,11,6,0,2,0,2
Kim Jong Seok,Korea Republic,9,CF,55,179,74,1,22,2,0,3,2,54,57,14,14,19,29,54,54,17,48,50,37,48,32,71,67,52,54,70,50,59,52,52,58,46,36,25,52,51,12,14,9,8,7,2,0,2,0
Yoon Soo Yong,Korea Republic,5,CM,55,183,70,1,21,1,1,3,2,61,52,39,44,40,58,50,49,43,55,53,38,56,57,67,60,69,56,61,75,58,43,51,35,56,56,43,36,40,6,13,6,13,12,1,1,1,1
Shim Je Hyeok,Korea Republic,9,ST,55,178,76,0,22,2,0,3,3,59,63,19,12,14,49,54,41,16,35,45,28,41,39,80,78,62,54,68,40,63,49,53,54,46,46,26,56,50,8,10,14,8,8,2,0,2,0
Song Ju Hun,Korea Republic,2,CB,54,190,83,0,23,1,1,3,2,41,25,54,58,57,43,49,27,50,26,42,20,25,26,63,62,58,72,46,43,65,44,31,23,18,22,29,32,28,6,13,6,12,12,1,1,1,1
Lee Chang Moo,Korea Republic,3,RB,54,177,72,1,24,1,1,3,2,43,37,52,53,54,51,50,44,52,45,40,60,56,51,65,60,52,52,52,57,39,44,36,38,35,34,35,36,33,12,6,5,5,6,1,1,1,1
Kim Jeong Hyeon,Korea Republic,5,CM,54,185,74,1,23,1,2,3,3,50,52,54,48,52,43,48,46,54,50,57,43,62,52,57,52,61,68,51,53,38,62,46,44,50,40,47,48,38,15,10,12,12,7,1,2,1,2
Kang Hyeon Mu,Korea Republic,0,GK,54,185,78,1,22,1,1,3,1,18,20,17,15,20,25,50,15,23,49,50,14,29,22,42,47,27,62,56,32,50,19,20,16,13,19,19,25,12,52,54,58,51,54,1,1,1,1
Im Dae Joon,Korea Republic,5,CM,53,172,64,1,22,1,1,4,2,50,46,40,40,42,44,48,52,30,58,58,49,64,56,62,64,52,44,70,62,56,35,46,38,40,44,42,40,36,9,8,10,7,8,1,1,1,1
Yeo Bong Hun,Korea Republic,5,CM,53,178,70,1,23,2,1,3,2,56,50,52,48,47,44,56,50,42,48,42,42,61,47,64,66,60,56,70,60,62,44,49,42,40,40,40,40,36,7,15,13,14,14,2,1,2,1
Jang Eun Gyu,Korea Republic,6,RM,53,173,70,1,24,1,2,2,2,52,49,33,34,35,37,46,45,44,48,43,55,53,51,66,63,61,64,57,55,30,32,45,41,43,38,40,43,36,6,14,10,14,14,1,2,1,2
Hwang ByeongGeun,Korea Republic,0,GK,53,193,93,1,22,1,1,2,1,17,13,19,20,18,20,57,16,19,45,27,12,24,24,26,26,19,68,36,30,59,18,25,16,12,16,17,18,20,45,55,45,49,59,1,1,1,1
Kim Wui Sin,Korea Republic,5,CM,53,181,70,1,24,1,1,3,2,50,49,34,49,42,53,52,50,43,50,45,41,63,52,53,59,64,52,67,59,67,46,50,32,33,40,38,41,32,11,11,11,15,7,1,1,1,1
Kim Jin Se,Korea Republic,5,CM,52,180,75,1,19,2,2,3,2,44,46,37,47,39,52,48,52,42,48,40,57,58,55,60,60,69,53,65,58,58,43,58,48,56,59,60,36,39,6,11,8,10,8,2,2,2,2
Kim Jin Soo,Korea Republic,5,CAM,52,180,70,1,22,2,0,4,3,53,50,38,49,43,41,48,44,29,59,55,47,61,60,52,56,49,45,66,49,58,42,45,36,31,50,41,45,37,11,5,14,6,10,2,0,2,0
Kim Sung Ju,Korea Republic,9,ST,51,175,67,1,18,2,0,4,2,49,56,14,15,13,38,51,48,18,40,44,36,40,32,67,62,56,52,76,54,54,44,46,48,49,44,32,58,44,14,13,7,13,7,2,0,2,0
Kim Hyun Tae,Korea Republic,5,CDM,51,187,74,1,22,1,1,3,2,46,40,48,44,48,50,42,36,44,46,38,52,58,54,61,58,58,60,56,53,62,56,44,40,44,38,54,39,34,10,5,11,5,13,1,1,1,1
Choe Jeong Woo,Korea Republic,5,CAM,48,177,72,1,23,1,0,3,3,44,45,32,43,44,60,48,48,45,41,40,43,57,56,62,63,56,60,58,59,59,41,53,27,34,34,38,36,35,13,10,5,12,11,1,0,1,0
